nname,vname,vname_ing,syn,def,synset,add_def
airplane,board,boarding,"board, get_on","get on board of (trains, buses, ships, aircraft, etc.)","{'id': 1, 'wid': 'v02018049', 'name': 'board.v.01', 'count': '6', 'syn': 'board get_on', 'def': 'get on board of (trains, buses, ships, aircraft, etc.)', 'ex': []}",[]
airplane,direct,directing,"lead, take, direct, conduct, guide",to show or point out the way for; directing the traffic of,"{'id': 5, 'wid': 'v01999798', 'name': 'lead.v.01', 'count': '131', 'syn': 'lead take direct conduct guide', 'def': 'take somebody somewhere', 'ex': 'W'}",[]
airplane,exit,exiting,"exit, go_out, get_out, leave",move out of or depart from,"{'id': 1, 'wid': 'v02015598', 'name': 'exit.v.01', 'count': '72', 'syn': 'exit go_out get_out leave', 'def': 'move out of or depart from', 'ex': 'l'}",[]
airplane,fly,flying,"fly, aviate, pilot",operate an airplane,"{'id': 3, 'wid': 'v01941093', 'name': 'fly.v.03', 'count': '6', 'syn': 'fly aviate pilot', 'def': 'operate an airplane', 'ex': 'T'}",[]
airplane,inspect,inspecting,inspect,"to look at (something) carefully in order to learn more about it, to find problems, etc.","{'id': 1, 'wid': 'v02165543', 'name': 'inspect.v.01', 'count': '13', 'syn': 'inspect', 'def': 'look over carefully', 'ex': 'P'}",[]
airplane,load,loading,"load, lade, laden, load_up",(a person/worker) put things in/on (the target object),"{'id': 1, 'wid': 'v01489989', 'name': 'load.v.01', 'count': '9', 'syn': 'load lade laden load_up', 'def': 'fill or place a load on', 'ex': 'l'}",[]
airplane,ride,riding,ride,be carried or travel on or in a vehicle,"{'id': 2, 'wid': 'v01955984', 'name': 'ride.v.02', 'count': '30', 'syn': 'ride', 'def': 'be carried or travel on or in a vehicle', 'ex': 'I'}",['the rider can be clearly seen in the picture']
airplane,sit_on,sitting_on,"sit, sit_down",be seated,"{'id': 1, 'wid': 'v01543123', 'name': 'sit.v.01', 'count': '135', 'syn': 'sit sit_down', 'def': 'be seated', 'ex': []}",[]
airplane,wash,washing,"wash, rinse",clean with some chemical process,"{'id': 1, 'wid': 'v01270199', 'name': 'wash.v.01', 'count': '14', 'syn': 'wash rinse', 'def': 'clean with some chemical process', 'ex': []}",[]
airplane,no_interaction,no_interaction,[],[],"{'id': 1, 'wid': 'v01270199', 'name': 'wash.v.01', 'count': '14', 'syn': 'wash rinse', 'def': 'clean with some chemical process', 'ex': []}",[]
bicycle,carry,carrying,"transport, carry","move while supporting, either in a vehicle or in one's hands or on one's body","{'id': 1, 'wid': 'v01449974', 'name': 'transport.v.02', 'count': '74', 'syn': 'transport carry', 'def': ""move while supporting, either in a vehicle or in one's hands or on one's body"", 'ex': 'Y'}",[]
bicycle,hold,holding,"hold, take_hold",held by hand; to have or maintain in the grasp; to attach the hand to,"{'id': 2, 'wid': 'v01216670', 'name': 'hold.v.02', 'count': '67', 'syn': 'hold take_hold', 'def': ""have or hold in one's hands or grip"", 'ex': 'H'}",[]
bicycle,inspect,inspecting,inspect,"to look at (something) carefully in order to learn more about it, to find problems, etc.","{'id': 1, 'wid': 'v02165543', 'name': 'inspect.v.01', 'count': '13', 'syn': 'inspect', 'def': 'look over carefully', 'ex': 'P'}",[]
bicycle,jump,jumping,"jump, leap",cause to jump or leap,"{'id': 11, 'wid': 'v01965156', 'name': 'jump.v.11', 'count': '0', 'syn': 'jump leap', 'def': 'cause to jump or leap', 'ex': 't'}",[]
bicycle,hop_on,hopping_on,"hop_on, mount, mount_up, get_on, jump_on, climb_on, bestride",climb up onto; get up on the back of,"{'id': 1, 'wid': 'v01923414', 'name': 'hop_on.v.01', 'count': '8', 'syn': 'hop_on mount mount_up get_on jump_on climb_on bestride', 'def': 'get up on the back of', 'ex': 'm'}",['getting on the bike']
bicycle,park,parking,park,place temporarily,"{'id': 1, 'wid': 'v01493380', 'name': 'park.v.01', 'count': '11', 'syn': 'park', 'def': 'place temporarily', 'ex': 'p'}",['should take place at a bicylce parking lot; or about to leave the bicycle somewhere']
bicycle,push,pushing,"push, force","move with force, ""He pushed the table into a corner""","{'id': 1, 'wid': 'v01871979', 'name': 'push.v.01', 'count': '69', 'syn': 'push force', 'def': 'move with force, ""He pushed the table into a corner""', 'ex': []}",[]
bicycle,repair,repairing,"repair, mend, fix, bushel, doctor, furbish_up, restore, touch_on",restore by replacing a part or putting together what is torn or broken,"{'id': 1, 'wid': 'v00260648', 'name': 'repair.v.01', 'count': '26', 'syn': 'repair mend fix bushel doctor furbish_up restore touch_on', 'def': 'restore by replacing a part or putting together what is torn or broken', 'ex': 'S'}",[]
bicycle,ride,riding,ride,sit on and control a vehicle,"{'id': 10, 'wid': 'v02102398', 'name': 'ride.v.10', 'count': '0', 'syn': 'ride', 'def': 'sit on and control a vehicle', 'ex': 'H'}",[]
bicycle,sit_on,sitting_on,"sit, sit_down",be seated,"{'id': 1, 'wid': 'v01543123', 'name': 'sit.v.01', 'count': '135', 'syn': 'sit sit_down', 'def': 'be seated', 'ex': []}",[]
bicycle,straddle,straddling,straddle,sit or stand astride of,"{'id': 1, 'wid': 'v02705913', 'name': 'straddle.v.01', 'count': '4', 'syn': 'straddle', 'def': 'sit or stand astride of', 'ex': []}",[]
bicycle,walk,walking,walk,to accompany on foot; to cause to move by walking,"{'id': 9, 'wid': 'v01906823', 'name': 'walk.v.09', 'count': '0', 'syn': 'walk', 'def': 'make walk', 'ex': 'H'}",[]
bicycle,wash,washing,"wash, rinse",clean with some chemical process,"{'id': 1, 'wid': 'v01270199', 'name': 'wash.v.01', 'count': '14', 'syn': 'wash rinse', 'def': 'clean with some chemical process', 'ex': []}",[]
bicycle,no_interaction,no_interaction,[],[],"{'id': 1, 'wid': 'v01270199', 'name': 'wash.v.01', 'count': '14', 'syn': 'wash rinse', 'def': 'clean with some chemical process', 'ex': []}",[]
bird,chase,chasing,"chase, chase_after, trail, tail, tag, give_chase, dog, go_after, track",go after with the intent to catch,"{'id': 1, 'wid': 'v02001858', 'name': 'chase.v.01', 'count': '23', 'syn': 'chase chase_after trail tail tag give_chase dog go_after track', 'def': 'go after with the intent to catch', 'ex': 'T'}",[]
bird,feed,feeding,"feed, give",give food to,"{'id': 2, 'wid': 'v01178565', 'name': 'feed.v.02', 'count': '19', 'syn': 'feed give', 'def': 'give food to', 'ex': 'F'}",[]
bird,hold,holding,"hold, take_hold",held by hand; to have or maintain in the grasp; to attach the hand to,"{'id': 2, 'wid': 'v01216670', 'name': 'hold.v.02', 'count': '67', 'syn': 'hold take_hold', 'def': ""have or hold in one's hands or grip"", 'ex': 'H'}",[]
bird,pet,petting,pet,stroke or caress gently,"{'id': 1, 'wid': 'v01425892', 'name': 'pet.v.01', 'count': '1', 'syn': 'pet', 'def': 'stroke or caress gently', 'ex': 'p'}",[]
bird,release,releasing,"let_go_of, let_go, release, relinquish","release, as from one's grip","{'id': 1, 'wid': 'v01474550', 'name': 'let_go_of.v.01', 'count': '23', 'syn': 'let_go_of let_go release relinquish', 'def': ""release, as from one's grip"", 'ex': 'L'}",[]
bird,watch,watching,watch,watch with appreciation; to look at for an amount of time,"{'id': 1, 'wid': 'v02150510', 'name': 'watch.v.01', 'count': '77', 'syn': 'watch', 'def': 'look attentively', 'ex': 'w'}",[]
bird,no_interaction,no_interaction,[],[],"{'id': 1, 'wid': 'v02150510', 'name': 'watch.v.01', 'count': '77', 'syn': 'watch', 'def': 'look attentively', 'ex': 'w'}",[]
boat,board,boarding,"board, get_on","get on board of (trains, buses, ships, aircraft, etc.)","{'id': 1, 'wid': 'v02018049', 'name': 'board.v.01', 'count': '6', 'syn': 'board get_on', 'def': 'get on board of (trains, buses, ships, aircraft, etc.)', 'ex': []}",[]
boat,drive,driving,drive,operate or control a vehicle,"{'id': 1, 'wid': 'v01930874', 'name': 'drive.v.01', 'count': '56', 'syn': 'drive', 'def': 'operate or control a vehicle', 'ex': 'd'}",['driving a machine boat / driving with a rudder']
boat,exit,exiting,"exit, go_out, get_out, leave",move out of or depart from,"{'id': 1, 'wid': 'v02015598', 'name': 'exit.v.01', 'count': '72', 'syn': 'exit go_out get_out leave', 'def': 'move out of or depart from', 'ex': 'l'}",[]
boat,inspect,inspecting,inspect,"to look at (something) carefully in order to learn more about it, to find problems, etc.","{'id': 1, 'wid': 'v02165543', 'name': 'inspect.v.01', 'count': '13', 'syn': 'inspect', 'def': 'look over carefully', 'ex': 'P'}",[]
boat,jump,jumping,"jump, leap",cause to jump or leap,"{'id': 11, 'wid': 'v01965156', 'name': 'jump.v.11', 'count': '0', 'syn': 'jump leap', 'def': 'cause to jump or leap', 'ex': 't'}",['the boat has to be in the air']
boat,launch,launching,launch,to put (a boat or ship) on the water,"{'id': 2, 'wid': 'v01514655', 'name': 'launch.v.02', 'count': '6', 'syn': 'launch', 'def': 'propel with force', 'ex': 'l'}",[]
boat,repair,repairing,"repair, mend, fix, bushel, doctor, furbish_up, restore, touch_on",restore by replacing a part or putting together what is torn or broken,"{'id': 1, 'wid': 'v00260648', 'name': 'repair.v.01', 'count': '26', 'syn': 'repair mend fix bushel doctor furbish_up restore touch_on', 'def': 'restore by replacing a part or putting together what is torn or broken', 'ex': 'S'}",[]
boat,ride,riding,ride,be carried or travel on or in a vehicle,"{'id': 2, 'wid': 'v01955984', 'name': 'ride.v.02', 'count': '30', 'syn': 'ride', 'def': 'be carried or travel on or in a vehicle', 'ex': 'I'}",[]
boat,row,rowing,row,propel with oars,"{'id': 1, 'wid': 'v01946996', 'name': 'row.v.01', 'count': '4', 'syn': 'row', 'def': 'propel with oars', 'ex': 'r'}",[]
boat,sail,sailing,sail,travel on water propelled by wind,"{'id': 3, 'wid': 'v01945516', 'name': 'sail.v.03', 'count': '1', 'syn': 'sail', 'def': 'travel on water propelled by wind', 'ex': 'I'}",[]
boat,sit_on,sitting_on,"sit, sit_down",be seated,"{'id': 1, 'wid': 'v01543123', 'name': 'sit.v.01', 'count': '135', 'syn': 'sit sit_down', 'def': 'be seated', 'ex': []}",[]
boat,stand_on,standing_on,"stand, stand_up",be standing; be upright,"{'id': 1, 'wid': 'v01546111', 'name': 'stand.v.01', 'count': '171', 'syn': 'stand stand_up', 'def': 'be standing; be upright', 'ex': 'W'}",[]
boat,tie,tying,"tie, bind","fasten or secure with a rope, string, or cord","{'id': 1, 'wid': 'v01285440', 'name': 'tie.v.01', 'count': '13', 'syn': 'tie bind', 'def': 'fasten or secure with a rope, string, or cord', 'ex': 'T'}",[]
boat,wash,washing,"wash, rinse",clean with some chemical process,"{'id': 1, 'wid': 'v01270199', 'name': 'wash.v.01', 'count': '14', 'syn': 'wash rinse', 'def': 'clean with some chemical process', 'ex': []}",[]
boat,no_interaction,no_interaction,[],[],"{'id': 1, 'wid': 'v01270199', 'name': 'wash.v.01', 'count': '14', 'syn': 'wash rinse', 'def': 'clean with some chemical process', 'ex': []}",[]
bottle,carry,carrying,"transport, carry","move while supporting, either in a vehicle or in one's hands or on one's body","{'id': 1, 'wid': 'v01449974', 'name': 'transport.v.02', 'count': '74', 'syn': 'transport carry', 'def': ""move while supporting, either in a vehicle or in one's hands or on one's body"", 'ex': 'Y'}",[]
bottle,drink_with,drinking_with,"drink, imbibe",take in liquids,"{'id': 1, 'wid': 'v01170052', 'name': 'drink.v.01', 'count': '30', 'syn': 'drink imbibe', 'def': 'take in liquids', 'ex': 'T'}",[]
bottle,hold,holding,"hold, take_hold",held by hand; to have or maintain in the grasp; to attach the hand to,"{'id': 2, 'wid': 'v01216670', 'name': 'hold.v.02', 'count': '67', 'syn': 'hold take_hold', 'def': ""have or hold in one's hands or grip"", 'ex': 'H'}",[]
bottle,inspect,inspecting,inspect,"to look at (something) carefully in order to learn more about it, to find problems, etc.","{'id': 1, 'wid': 'v02165543', 'name': 'inspect.v.01', 'count': '13', 'syn': 'inspect', 'def': 'look over carefully', 'ex': 'P'}",[]
bottle,lick,licking,"lick, lap",pass the tongue over,"{'id': 2, 'wid': 'v01432176', 'name': 'lick.v.02', 'count': '8', 'syn': 'lick lap', 'def': 'pass the tongue over', 'ex': 't'}",[]
bottle,open,opening,"open, open_up",cause to open or to become open,"{'id': 1, 'wid': 'v01346003', 'name': 'open.v.01', 'count': '68', 'syn': 'open open_up', 'def': 'cause to open or to become open', 'ex': 'M'}",[]
bottle,pour,pouring,"decant, pour, pour_out",pour out,"{'id': 3, 'wid': 'v02070296', 'name': 'decant.v.01', 'count': '7', 'syn': 'decant pour pour_out', 'def': 'pour out', 'ex': 't'}",[]
bottle,no_interaction,no_interaction,[],[],"{'id': 3, 'wid': 'v02070296', 'name': 'decant.v.01', 'count': '7', 'syn': 'decant pour pour_out', 'def': 'pour out', 'ex': 't'}",[]
bus,board,boarding,"board, get_on","get on board of (trains, buses, ships, aircraft, etc.)","{'id': 1, 'wid': 'v02018049', 'name': 'board.v.01', 'count': '6', 'syn': 'board get_on', 'def': 'get on board of (trains, buses, ships, aircraft, etc.)', 'ex': []}",[]
bus,direct,directing,"lead, take, direct, conduct, guide",to show or point out the way for; directing the traffic of,"{'id': 5, 'wid': 'v01999798', 'name': 'lead.v.01', 'count': '131', 'syn': 'lead take direct conduct guide', 'def': 'take somebody somewhere', 'ex': 'W'}",[]
bus,drive,driving,drive,operate or control a vehicle,"{'id': 1, 'wid': 'v01930874', 'name': 'drive.v.01', 'count': '56', 'syn': 'drive', 'def': 'operate or control a vehicle', 'ex': 'd'}",['the driver can be clearly seen in the picture; the bus is on the road']
bus,exit,exiting,"exit, go_out, get_out, leave",move out of or depart from,"{'id': 1, 'wid': 'v02015598', 'name': 'exit.v.01', 'count': '72', 'syn': 'exit go_out get_out leave', 'def': 'move out of or depart from', 'ex': 'l'}",[]
bus,inspect,inspecting,inspect,"to look at (something) carefully in order to learn more about it, to find problems, etc.","{'id': 1, 'wid': 'v02165543', 'name': 'inspect.v.01', 'count': '13', 'syn': 'inspect', 'def': 'look over carefully', 'ex': 'P'}",[]
bus,load,loading,"load, lade, laden, load_up",(a person/worker) put things in/on (the target object),"{'id': 1, 'wid': 'v01489989', 'name': 'load.v.01', 'count': '9', 'syn': 'load lade laden load_up', 'def': 'fill or place a load on', 'ex': 'l'}",[]
bus,ride,riding,ride,be carried or travel on or in a vehicle,"{'id': 2, 'wid': 'v01955984', 'name': 'ride.v.02', 'count': '30', 'syn': 'ride', 'def': 'be carried or travel on or in a vehicle', 'ex': 'I'}",['the rider can be clearly seen in the picture']
bus,sit_on,sitting_on,"sit, sit_down",be seated,"{'id': 1, 'wid': 'v01543123', 'name': 'sit.v.01', 'count': '135', 'syn': 'sit sit_down', 'def': 'be seated', 'ex': []}",['the person sitting can be clearly seen in the picture']
bus,wash,washing,"wash, rinse",clean with some chemical process,"{'id': 1, 'wid': 'v01270199', 'name': 'wash.v.01', 'count': '14', 'syn': 'wash rinse', 'def': 'clean with some chemical process', 'ex': []}",[]
bus,wave,waving,"beckon, wave",signal with the hands or nod,"{'id': 1, 'wid': 'v01041415', 'name': 'beckon.v.01', 'count': '30', 'syn': 'beckon wave', 'def': 'signal with the hands or nod', 'ex': 'S'}",[]
bus,no_interaction,no_interaction,[],[],"{'id': 1, 'wid': 'v01041415', 'name': 'beckon.v.01', 'count': '30', 'syn': 'beckon wave', 'def': 'signal with the hands or nod', 'ex': 'S'}",[]
car,board,boarding,"board, get_on","get on board of (trains, buses, ships, aircraft, etc.)","{'id': 1, 'wid': 'v02018049', 'name': 'board.v.01', 'count': '6', 'syn': 'board get_on', 'def': 'get on board of (trains, buses, ships, aircraft, etc.)', 'ex': []}",[]
car,direct,directing,"lead, take, direct, conduct, guide",to show or point out the way for; directing the traffic of,"{'id': 5, 'wid': 'v01999798', 'name': 'lead.v.01', 'count': '131', 'syn': 'lead take direct conduct guide', 'def': 'take somebody somewhere', 'ex': 'W'}",[]
car,drive,driving,drive,operate or control a vehicle,"{'id': 1, 'wid': 'v01930874', 'name': 'drive.v.01', 'count': '56', 'syn': 'drive', 'def': 'operate or control a vehicle', 'ex': 'd'}",[]
car,hose,hosing,"hose, hose_down",water with a hose,"{'id': 1, 'wid': 'v00228521', 'name': 'hose.v.01', 'count': '0', 'syn': 'hose hose_down', 'def': 'water with a hose', 'ex': 'h'}",[]
car,inspect,inspecting,inspect,"to look at (something) carefully in order to learn more about it, to find problems, etc.","{'id': 1, 'wid': 'v02165543', 'name': 'inspect.v.01', 'count': '13', 'syn': 'inspect', 'def': 'look over carefully', 'ex': 'P'}",[]
car,jump,jumping,"jump, leap",cause to jump or leap,"{'id': 11, 'wid': 'v01965156', 'name': 'jump.v.11', 'count': '0', 'syn': 'jump leap', 'def': 'cause to jump or leap', 'ex': 't'}",[]
car,load,loading,"load, lade, laden, load_up",(a person/worker) put things in/on (the target object),"{'id': 1, 'wid': 'v01489989', 'name': 'load.v.01', 'count': '9', 'syn': 'load lade laden load_up', 'def': 'fill or place a load on', 'ex': 'l'}",[]
car,park,parking,park,place temporarily,"{'id': 1, 'wid': 'v01493380', 'name': 'park.v.01', 'count': '11', 'syn': 'park', 'def': 'place temporarily', 'ex': 'p'}",[]
car,ride,riding,ride,be carried or travel on or in a vehicle,"{'id': 2, 'wid': 'v01955984', 'name': 'ride.v.02', 'count': '30', 'syn': 'ride', 'def': 'be carried or travel on or in a vehicle', 'ex': 'I'}",[]
car,wash,washing,"wash, rinse",clean with some chemical process,"{'id': 1, 'wid': 'v01270199', 'name': 'wash.v.01', 'count': '14', 'syn': 'wash rinse', 'def': 'clean with some chemical process', 'ex': []}",[]
car,no_interaction,no_interaction,[],[],"{'id': 1, 'wid': 'v01270199', 'name': 'wash.v.01', 'count': '14', 'syn': 'wash rinse', 'def': 'clean with some chemical process', 'ex': []}",[]
cat,dry,drying,"dry, dry_out",remove the moisture from and make dry,"{'id': 1, 'wid': 'v00218475', 'name': 'dry.v.01', 'count': '12', 'syn': 'dry dry_out', 'def': 'remove the moisture from and make dry', 'ex': 'd'}",[]
cat,feed,feeding,"feed, give",give food to,"{'id': 2, 'wid': 'v01178565', 'name': 'feed.v.02', 'count': '19', 'syn': 'feed give', 'def': 'give food to', 'ex': 'F'}",[]
cat,hold,holding,"hold, take_hold",held by hand; to have or maintain in the grasp; to attach the hand to,"{'id': 2, 'wid': 'v01216670', 'name': 'hold.v.02', 'count': '67', 'syn': 'hold take_hold', 'def': ""have or hold in one's hands or grip"", 'ex': 'H'}",[]
cat,hug,hugging,"embrace, hug, bosom, squeeze","squeeze (someone) tightly in your arms, usually with fondness","{'id': 1, 'wid': 'v01424456', 'name': 'embrace.v.02', 'count': '9', 'syn': 'embrace hug bosom squeeze', 'def': 'squeeze (someone) tightly in your arms, usually with fondness', 'ex': 'H'}",[]
cat,kiss,kissing,"snog, kiss, buss, osculate","touch with the lips or press the lips (against someone's mouth or other body part) as an expression of love, greeting, etc.","{'id': 1, 'wid': 'v01431230', 'name': 'snog.v.01', 'count': '18', 'syn': 'snog kiss buss osculate', 'def': ""touch with the lips or press the lips (against someone's mouth or other body part) as an expression of love, greeting, etc."", 'ex': 'T'}",[]
cat,pet,petting,pet,stroke or caress gently,"{'id': 1, 'wid': 'v01425892', 'name': 'pet.v.01', 'count': '1', 'syn': 'pet', 'def': 'stroke or caress gently', 'ex': 'p'}",[]
cat,scratch,scratching,"rub, scratch, itch",scrape or rub as if to relieve itching,"{'id': 3, 'wid': 'v02119874', 'name': 'rub.v.03', 'count': '4', 'syn': 'rub scratch itch', 'def': 'scrape or rub as if to relieve itching', 'ex': 'D'}",[]
cat,wash,washing,"wash, lave",cleanse (one's body) with soap and water,"{'id': 2, 'wid': 'v00036362', 'name': 'wash.v.02', 'count': '9', 'syn': 'wash lave', 'def': ""cleanse (one's body) with soap and water"", 'ex': []}",[]
cat,chase,chasing,"chase, chase_after, trail, tail, tag, give_chase, dog, go_after, track",go after with the intent to catch,"{'id': 1, 'wid': 'v02001858', 'name': 'chase.v.01', 'count': '23', 'syn': 'chase chase_after trail tail tag give_chase dog go_after track', 'def': 'go after with the intent to catch', 'ex': 'T'}",[]
cat,no_interaction,no_interaction,[],[],"{'id': 1, 'wid': 'v02001858', 'name': 'chase.v.01', 'count': '23', 'syn': 'chase chase_after trail tail tag give_chase dog go_after track', 'def': 'go after with the intent to catch', 'ex': 'T'}",[]
chair,carry,carrying,"transport, carry","move while supporting, either in a vehicle or in one's hands or on one's body","{'id': 1, 'wid': 'v01449974', 'name': 'transport.v.02', 'count': '74', 'syn': 'transport carry', 'def': ""move while supporting, either in a vehicle or in one's hands or on one's body"", 'ex': 'Y'}",[]
chair,hold,holding,"hold, take_hold",held by hand; to have or maintain in the grasp; to attach the hand to,"{'id': 2, 'wid': 'v01216670', 'name': 'hold.v.02', 'count': '67', 'syn': 'hold take_hold', 'def': ""have or hold in one's hands or grip"", 'ex': 'H'}",[]
chair,lie_on,lying_on,lie,"be lying, be prostrate; be in a horizontal position","{'id': 2, 'wid': 'v01547001', 'name': 'lie.v.02', 'count': '58', 'syn': 'lie', 'def': 'be lying, be prostrate; be in a horizontal position', 'ex': 'T'}",[]
chair,sit_on,sitting_on,"sit, sit_down",be seated,"{'id': 1, 'wid': 'v01543123', 'name': 'sit.v.01', 'count': '135', 'syn': 'sit sit_down', 'def': 'be seated', 'ex': []}",[]
chair,stand_on,standing_on,"stand, stand_up",be standing; be upright,"{'id': 1, 'wid': 'v01546111', 'name': 'stand.v.01', 'count': '171', 'syn': 'stand stand_up', 'def': 'be standing; be upright', 'ex': 'W'}",[]
chair,no_interaction,no_interaction,[],[],"{'id': 1, 'wid': 'v01546111', 'name': 'stand.v.01', 'count': '171', 'syn': 'stand stand_up', 'def': 'be standing; be upright', 'ex': 'W'}",[]
couch,carry,carrying,"transport, carry","move while supporting, either in a vehicle or in one's hands or on one's body","{'id': 1, 'wid': 'v01449974', 'name': 'transport.v.02', 'count': '74', 'syn': 'transport carry', 'def': ""move while supporting, either in a vehicle or in one's hands or on one's body"", 'ex': 'Y'}",[]
couch,lie_on,lying_on,lie,"be lying, be prostrate; be in a horizontal position","{'id': 2, 'wid': 'v01547001', 'name': 'lie.v.02', 'count': '58', 'syn': 'lie', 'def': 'be lying, be prostrate; be in a horizontal position', 'ex': 'T'}",[]
couch,sit_on,sitting_on,"sit, sit_down",be seated,"{'id': 1, 'wid': 'v01543123', 'name': 'sit.v.01', 'count': '135', 'syn': 'sit sit_down', 'def': 'be seated', 'ex': []}",[]
couch,no_interaction,no_interaction,[],[],"{'id': 1, 'wid': 'v01543123', 'name': 'sit.v.01', 'count': '135', 'syn': 'sit sit_down', 'def': 'be seated', 'ex': []}",[]
cow,feed,feeding,"feed, give",give food to,"{'id': 2, 'wid': 'v01178565', 'name': 'feed.v.02', 'count': '19', 'syn': 'feed give', 'def': 'give food to', 'ex': 'F'}",[]
cow,herd,herding,"herd, crowd",to gather and move a group of animals,"{'id': 1, 'wid': 'v02028722', 'name': 'herd.v.01', 'count': '7', 'syn': 'herd crowd', 'def': 'cause to herd, drive, or crowd together', 'ex': 'W'}",[]
cow,hold,holding,"hold, take_hold",held by hand; to have or maintain in the grasp; to attach the hand to,"{'id': 2, 'wid': 'v01216670', 'name': 'hold.v.02', 'count': '67', 'syn': 'hold take_hold', 'def': ""have or hold in one's hands or grip"", 'ex': 'H'}",[]
cow,hug,hugging,"embrace, hug, bosom, squeeze","squeeze (someone) tightly in your arms, usually with fondness","{'id': 1, 'wid': 'v01424456', 'name': 'embrace.v.02', 'count': '9', 'syn': 'embrace hug bosom squeeze', 'def': 'squeeze (someone) tightly in your arms, usually with fondness', 'ex': 'H'}",[]
cow,kiss,kissing,"snog, kiss, buss, osculate","touch with the lips or press the lips (against someone's mouth or other body part) as an expression of love, greeting, etc.","{'id': 1, 'wid': 'v01431230', 'name': 'snog.v.01', 'count': '18', 'syn': 'snog kiss buss osculate', 'def': ""touch with the lips or press the lips (against someone's mouth or other body part) as an expression of love, greeting, etc."", 'ex': 'T'}",[]
cow,lasso,lassoing,"lasso, rope",catch with a lasso,"{'id': 1, 'wid': 'v01604251', 'name': 'lasso.v.01', 'count': '0', 'syn': 'lasso rope', 'def': 'catch with a lasso', 'ex': 'r'}",[]
cow,milk,milking,milk,take milk from female mammals,"{'id': 1, 'wid': 'v00194170', 'name': 'milk.v.01', 'count': '3', 'syn': 'milk', 'def': 'take milk from female mammals', 'ex': 'C'}",[]
cow,pet,petting,pet,stroke or caress gently,"{'id': 1, 'wid': 'v01425892', 'name': 'pet.v.01', 'count': '1', 'syn': 'pet', 'def': 'stroke or caress gently', 'ex': 'p'}",[]
cow,ride,riding,"ride, sit","sit and travel on the back of animal, usually while controlling its motions","{'id': 1, 'wid': 'v01957529', 'name': 'ride.v.01', 'count': '54', 'syn': 'ride sit', 'def': 'sit and travel on the back of animal, usually while controlling its motions', 'ex': 'S'}",[]
cow,walk,walking,walk,to accompany on foot; to cause (an animal) to go at a walk,"{'id': 9, 'wid': 'v01906823', 'name': 'walk.v.09', 'count': '0', 'syn': 'walk', 'def': 'make walk', 'ex': 'H'}",['a person walk with a cow (cows)']
cow,no_interaction,no_interaction,[],[],"{'id': 9, 'wid': 'v01906823', 'name': 'walk.v.09', 'count': '0', 'syn': 'walk', 'def': 'make walk', 'ex': 'H'}",[]
dining_table,clean,cleaning,"clean, make_clean","make clean by removing dirt, filth, or unwanted substances from","{'id': 1, 'wid': 'v01532589', 'name': 'clean.v.01', 'count': '16', 'syn': 'clean make_clean', 'def': 'make clean by removing dirt, filth, or unwanted substances from', 'ex': 'C'}",[]
dining_table,eat_at,eating_at,eat,eat a meal; take a meal,"{'id': 2, 'wid': 'v01166351', 'name': 'eat.v.02', 'count': '13', 'syn': 'eat', 'def': 'eat a meal; take a meal', 'ex': 'W'}",[]
dining_table,sit_at,sitting_at,"sit, sit_down",be seated,"{'id': 1, 'wid': 'v01543123', 'name': 'sit.v.01', 'count': '135', 'syn': 'sit sit_down', 'def': 'be seated', 'ex': []}",[]
dining_table,no_interaction,no_interaction,[],[],"{'id': 1, 'wid': 'v01543123', 'name': 'sit.v.01', 'count': '135', 'syn': 'sit sit_down', 'def': 'be seated', 'ex': []}",[]
dog,carry,carrying,"transport, carry","move while supporting, either in a vehicle or in one's hands or on one's body","{'id': 1, 'wid': 'v01449974', 'name': 'transport.v.02', 'count': '74', 'syn': 'transport carry', 'def': ""move while supporting, either in a vehicle or in one's hands or on one's body"", 'ex': 'Y'}",[]
dog,dry,drying,"dry, dry_out",remove the moisture from and make dry,"{'id': 1, 'wid': 'v00218475', 'name': 'dry.v.01', 'count': '12', 'syn': 'dry dry_out', 'def': 'remove the moisture from and make dry', 'ex': 'd'}",[]
dog,feed,feeding,"feed, give",give food to,"{'id': 2, 'wid': 'v01178565', 'name': 'feed.v.02', 'count': '19', 'syn': 'feed give', 'def': 'give food to', 'ex': 'F'}",[]
dog,groom,grooming,"dress, groom, curry",give a neat appearance to,"{'id': 2, 'wid': 'v00045639', 'name': 'dress.v.15', 'count': '1', 'syn': 'dress groom curry', 'def': 'give a neat appearance to', 'ex': 'g'}",[]
dog,hold,holding,"hold, take_hold",held by hand; to have or maintain in the grasp; to attach the hand to,"{'id': 2, 'wid': 'v01216670', 'name': 'hold.v.02', 'count': '67', 'syn': 'hold take_hold', 'def': ""have or hold in one's hands or grip"", 'ex': 'H'}",[]
dog,hose,hosing,"hose, hose_down",water with a hose,"{'id': 1, 'wid': 'v00228521', 'name': 'hose.v.01', 'count': '0', 'syn': 'hose hose_down', 'def': 'water with a hose', 'ex': 'h'}",[]
dog,hug,hugging,"embrace, hug, bosom, squeeze","squeeze (someone) tightly in your arms, usually with fondness","{'id': 1, 'wid': 'v01424456', 'name': 'embrace.v.02', 'count': '9', 'syn': 'embrace hug bosom squeeze', 'def': 'squeeze (someone) tightly in your arms, usually with fondness', 'ex': 'H'}",[]
dog,inspect,inspecting,inspect,"to look at (something) carefully in order to learn more about it, to find problems, etc.","{'id': 1, 'wid': 'v02165543', 'name': 'inspect.v.01', 'count': '13', 'syn': 'inspect', 'def': 'look over carefully', 'ex': 'P'}",[]
dog,kiss,kissing,"snog, kiss, buss, osculate","touch with the lips or press the lips (against someone's mouth or other body part) as an expression of love, greeting, etc.","{'id': 1, 'wid': 'v01431230', 'name': 'snog.v.01', 'count': '18', 'syn': 'snog kiss buss osculate', 'def': ""touch with the lips or press the lips (against someone's mouth or other body part) as an expression of love, greeting, etc."", 'ex': 'T'}",[]
dog,pet,petting,pet,stroke or caress gently,"{'id': 1, 'wid': 'v01425892', 'name': 'pet.v.01', 'count': '1', 'syn': 'pet', 'def': 'stroke or caress gently', 'ex': 'p'}",[]
dog,run,running,run,cause an animal to move fast,"{'id': 26, 'wid': 'v02092309', 'name': 'run.v.26', 'count': '1', 'syn': 'run', 'def': 'cause an animal to move fast', 'ex': 'r'}",[]
dog,scratch,scratching,"rub, scratch, itch",scrape or rub as if to relieve itching,"{'id': 3, 'wid': 'v02119874', 'name': 'rub.v.03', 'count': '4', 'syn': 'rub scratch itch', 'def': 'scrape or rub as if to relieve itching', 'ex': 'D'}",[]
dog,straddle,straddling,straddle,sit or stand astride of,"{'id': 1, 'wid': 'v02705913', 'name': 'straddle.v.01', 'count': '4', 'syn': 'straddle', 'def': 'sit or stand astride of', 'ex': []}",[]
dog,train,training,train,exercise in order to prepare for an event or competition,"{'id': 8, 'wid': 'v00100044', 'name': 'train.v.08', 'count': '1', 'syn': 'train', 'def': 'exercise in order to prepare for an event or competition', 'ex': 'S'}",['train the dog for something']
dog,walk,walking,walk,to accompany on foot; to cause (an animal) to go at a walk,"{'id': 9, 'wid': 'v01906823', 'name': 'walk.v.09', 'count': '0', 'syn': 'walk', 'def': 'make walk', 'ex': 'H'}",[]
dog,wash,washing,"wash, lave",cleanse (one's body) with soap and water,"{'id': 2, 'wid': 'v00036362', 'name': 'wash.v.02', 'count': '9', 'syn': 'wash lave', 'def': ""cleanse (one's body) with soap and water"", 'ex': []}",[]
dog,chase,chasing,"chase, chase_after, trail, tail, tag, give_chase, dog, go_after, track",go after with the intent to catch,"{'id': 1, 'wid': 'v02001858', 'name': 'chase.v.01', 'count': '23', 'syn': 'chase chase_after trail tail tag give_chase dog go_after track', 'def': 'go after with the intent to catch', 'ex': 'T'}",[]
dog,no_interaction,no_interaction,[],[],"{'id': 1, 'wid': 'v02001858', 'name': 'chase.v.01', 'count': '23', 'syn': 'chase chase_after trail tail tag give_chase dog go_after track', 'def': 'go after with the intent to catch', 'ex': 'T'}",[]
horse,feed,feeding,"feed, give",give food to,"{'id': 2, 'wid': 'v01178565', 'name': 'feed.v.02', 'count': '19', 'syn': 'feed give', 'def': 'give food to', 'ex': 'F'}",[]
horse,groom,grooming,"dress, groom, curry",give a neat appearance to,"{'id': 2, 'wid': 'v00045639', 'name': 'dress.v.15', 'count': '1', 'syn': 'dress groom curry', 'def': 'give a neat appearance to', 'ex': 'g'}",[]
horse,hold,holding,"hold, take_hold",held by hand; to have or maintain in the grasp; to attach the hand to,"{'id': 2, 'wid': 'v01216670', 'name': 'hold.v.02', 'count': '67', 'syn': 'hold take_hold', 'def': ""have or hold in one's hands or grip"", 'ex': 'H'}",[]
horse,hug,hugging,"embrace, hug, bosom, squeeze","squeeze (someone) tightly in your arms, usually with fondness","{'id': 1, 'wid': 'v01424456', 'name': 'embrace.v.02', 'count': '9', 'syn': 'embrace hug bosom squeeze', 'def': 'squeeze (someone) tightly in your arms, usually with fondness', 'ex': 'H'}",[]
horse,jump,jumping,"jump, leap",cause to jump or leap,"{'id': 11, 'wid': 'v01965156', 'name': 'jump.v.11', 'count': '0', 'syn': 'jump leap', 'def': 'cause to jump or leap', 'ex': 't'}",[]
horse,kiss,kissing,"snog, kiss, buss, osculate","touch with the lips or press the lips (against someone's mouth or other body part) as an expression of love, greeting, etc.","{'id': 1, 'wid': 'v01431230', 'name': 'snog.v.01', 'count': '18', 'syn': 'snog kiss buss osculate', 'def': ""touch with the lips or press the lips (against someone's mouth or other body part) as an expression of love, greeting, etc."", 'ex': 'T'}",[]
horse,load,loading,load,(a person/worker) put (the target object) on a structure or conveyance,"{'id': 4, 'wid': 'v01612084', 'name': 'load.v.04', 'count': '0', 'syn': 'load', 'def': 'put (something) on a structure or conveyance', 'ex': 'l'}",[]
horse,hop_on,hopping_on,"hop_on, mount, mount_up, get_on, jump_on, climb_on, bestride",climb up onto; get up on the back of,"{'id': 1, 'wid': 'v01923414', 'name': 'hop_on.v.01', 'count': '8', 'syn': 'hop_on mount mount_up get_on jump_on climb_on bestride', 'def': 'get up on the back of', 'ex': 'm'}",['getting on the horse']
horse,pet,petting,pet,stroke or caress gently,"{'id': 1, 'wid': 'v01425892', 'name': 'pet.v.01', 'count': '1', 'syn': 'pet', 'def': 'stroke or caress gently', 'ex': 'p'}",[]
horse,race,racing,"race, run",compete in a race,"{'id': 2, 'wid': 'v01086103', 'name': 'race.v.02', 'count': '3', 'syn': 'race run', 'def': 'compete in a race', 'ex': 'h'}","['at least 2 horses, had better run on the track']"
horse,ride,riding,"ride, sit","sit and travel on the back of animal, usually while controlling its motions","{'id': 1, 'wid': 'v01957529', 'name': 'ride.v.01', 'count': '54', 'syn': 'ride sit', 'def': 'sit and travel on the back of animal, usually while controlling its motions', 'ex': 'S'}",[]
horse,run,running,run,cause an animal to move fast,"{'id': 26, 'wid': 'v02092309', 'name': 'run.v.26', 'count': '1', 'syn': 'run', 'def': 'cause an animal to move fast', 'ex': 'r'}",[]
horse,straddle,straddling,straddle,sit or stand astride of,"{'id': 1, 'wid': 'v02705913', 'name': 'straddle.v.01', 'count': '4', 'syn': 'straddle', 'def': 'sit or stand astride of', 'ex': []}",[]
horse,train,training,train,exercise in order to prepare for an event or competition,"{'id': 8, 'wid': 'v00100044', 'name': 'train.v.08', 'count': '1', 'syn': 'train', 'def': 'exercise in order to prepare for an event or competition', 'ex': 'S'}",['often there is a hurdle for jumping']
horse,walk,walking,walk,to accompany on foot; to cause (an animal) to go at a walk,"{'id': 9, 'wid': 'v01906823', 'name': 'walk.v.09', 'count': '0', 'syn': 'walk', 'def': 'make walk', 'ex': 'H'}",[]
horse,wash,washing,"wash, lave",cleanse (one's body) with soap and water,"{'id': 2, 'wid': 'v00036362', 'name': 'wash.v.02', 'count': '9', 'syn': 'wash lave', 'def': ""cleanse (one's body) with soap and water"", 'ex': []}",[]
horse,no_interaction,no_interaction,[],[],"{'id': 2, 'wid': 'v00036362', 'name': 'wash.v.02', 'count': '9', 'syn': 'wash lave', 'def': ""cleanse (one's body) with soap and water"", 'ex': []}",[]
motorcycle,hold,holding,"hold, take_hold",held by hand; to have or maintain in the grasp; to attach the hand to,"{'id': 2, 'wid': 'v01216670', 'name': 'hold.v.02', 'count': '67', 'syn': 'hold take_hold', 'def': ""have or hold in one's hands or grip"", 'ex': 'H'}",[]
motorcycle,inspect,inspecting,inspect,"to look at (something) carefully in order to learn more about it, to find problems, etc.","{'id': 1, 'wid': 'v02165543', 'name': 'inspect.v.01', 'count': '13', 'syn': 'inspect', 'def': 'look over carefully', 'ex': 'P'}",[]
motorcycle,jump,jumping,"jump, leap",cause to jump or leap,"{'id': 11, 'wid': 'v01965156', 'name': 'jump.v.11', 'count': '0', 'syn': 'jump leap', 'def': 'cause to jump or leap', 'ex': 't'}",[]
motorcycle,hop_on,hopping_on,"hop_on, mount, mount_up, get_on, jump_on, climb_on, bestride",climb up onto; get up on the back of,"{'id': 1, 'wid': 'v01923414', 'name': 'hop_on.v.01', 'count': '8', 'syn': 'hop_on mount mount_up get_on jump_on climb_on bestride', 'def': 'get up on the back of', 'ex': 'm'}",['getting on the motorcycle']
motorcycle,park,parking,park,place temporarily,"{'id': 1, 'wid': 'v01493380', 'name': 'park.v.01', 'count': '11', 'syn': 'park', 'def': 'place temporarily', 'ex': 'p'}",['should take place at a motorcycle parking lot; or about to leave the motorcycle somewhere ']
motorcycle,push,pushing,"push, force","move with force, ""He pushed the table into a corner""","{'id': 1, 'wid': 'v01871979', 'name': 'push.v.01', 'count': '69', 'syn': 'push force', 'def': 'move with force, ""He pushed the table into a corner""', 'ex': []}",[]
motorcycle,race,racing,"race, run",compete in a race,"{'id': 2, 'wid': 'v01086103', 'name': 'race.v.02', 'count': '3', 'syn': 'race run', 'def': 'compete in a race', 'ex': 'h'}",[]
motorcycle,ride,riding,ride,sit on and control a vehicle,"{'id': 10, 'wid': 'v02102398', 'name': 'ride.v.10', 'count': '0', 'syn': 'ride', 'def': 'sit on and control a vehicle', 'ex': 'H'}",[]
motorcycle,sit_on,sitting_on,"sit, sit_down",be seated,"{'id': 1, 'wid': 'v01543123', 'name': 'sit.v.01', 'count': '135', 'syn': 'sit sit_down', 'def': 'be seated', 'ex': []}",[]
motorcycle,straddle,straddling,straddle,sit or stand astride of,"{'id': 1, 'wid': 'v02705913', 'name': 'straddle.v.01', 'count': '4', 'syn': 'straddle', 'def': 'sit or stand astride of', 'ex': []}",[]
motorcycle,turn,turning,turn,"change orientation or direction, also in the abstract sense","{'id': 1, 'wid': 'v01907258', 'name': 'turn.v.01', 'count': '187', 'syn': 'turn', 'def': 'change orientation or direction, also in the abstract sense', 'ex': 'T'}",[]
motorcycle,walk,walking,walk,to accompany on foot; to cause to move by walking,"{'id': 9, 'wid': 'v01906823', 'name': 'walk.v.09', 'count': '0', 'syn': 'walk', 'def': 'make walk', 'ex': 'H'}",[]
motorcycle,wash,washing,"wash, rinse",clean with some chemical process,"{'id': 1, 'wid': 'v01270199', 'name': 'wash.v.01', 'count': '14', 'syn': 'wash rinse', 'def': 'clean with some chemical process', 'ex': []}",[]
motorcycle,no_interaction,no_interaction,[],[],"{'id': 1, 'wid': 'v01270199', 'name': 'wash.v.01', 'count': '14', 'syn': 'wash rinse', 'def': 'clean with some chemical process', 'ex': []}",[]
person,carry,carrying,"transport, carry","move while supporting, either in a vehicle or in one's hands or on one's body","{'id': 1, 'wid': 'v01449974', 'name': 'transport.v.02', 'count': '74', 'syn': 'transport carry', 'def': ""move while supporting, either in a vehicle or in one's hands or on one's body"", 'ex': 'Y'}",[]
person,greet,greeting,"greet, recognize, recognise",express greetings upon meeting someone,"{'id': 1, 'wid': 'v00897241', 'name': 'greet.v.01', 'count': '14', 'syn': 'greet recognize recognise', 'def': 'express greetings upon meeting someone', 'ex': []}",['greet a person with handshakes']
person,hold,holding,"hold, take_hold",holding hands;,"{'id': 2, 'wid': 'v01216670', 'name': 'hold.v.02', 'count': '67', 'syn': 'hold take_hold', 'def': ""have or hold in one's hands or grip"", 'ex': 'H'}",[]
person,hug,hugging,"embrace, hug, bosom, squeeze","squeeze (someone) tightly in your arms, usually with fondness","{'id': 1, 'wid': 'v01424456', 'name': 'embrace.v.02', 'count': '9', 'syn': 'embrace hug bosom squeeze', 'def': 'squeeze (someone) tightly in your arms, usually with fondness', 'ex': 'H'}",[]
person,kiss,kissing,"snog, kiss, buss, osculate","touch with the lips or press the lips (against someone's mouth or other body part) as an expression of love, greeting, etc.","{'id': 1, 'wid': 'v01431230', 'name': 'snog.v.01', 'count': '18', 'syn': 'snog kiss buss osculate', 'def': ""touch with the lips or press the lips (against someone's mouth or other body part) as an expression of love, greeting, etc."", 'ex': 'T'}",[]
person,stab,stabbing,"knife, stab",use a knife on,"{'id': 1, 'wid': 'v01231652', 'name': 'knife.v.01', 'count': '1', 'syn': 'knife stab', 'def': 'use a knife on', 'ex': 'T'}",[]
person,tag,tagging,tag,touch a player while he is holding the ball,"{'id': 2, 'wid': 'v01600600', 'name': 'tag.v.02', 'count': '1', 'syn': 'tag', 'def': 'touch a player while he is holding the ball', 'ex': []}",[]
person,teach,teaching,"teach, learn, instruct",to give lessons about (a particular subject) to a person or group,"{'id': 1, 'wid': 'v00829107', 'name': 'teach.v.01', 'count': '97', 'syn': 'teach learn instruct', 'def': 'impart skills or knowledge to', 'ex': 'I'}",[]
person,lick,licking,"lick, lap",pass the tongue over,"{'id': 2, 'wid': 'v01432176', 'name': 'lick.v.02', 'count': '8', 'syn': 'lick lap', 'def': 'pass the tongue over', 'ex': 't'}",[]
person,no_interaction,no_interaction,[],[],"{'id': 2, 'wid': 'v01432176', 'name': 'lick.v.02', 'count': '8', 'syn': 'lick lap', 'def': 'pass the tongue over', 'ex': 't'}",[]
potted_plant,carry,carrying,"transport, carry","move while supporting, either in a vehicle or in one's hands or on one's body","{'id': 1, 'wid': 'v01449974', 'name': 'transport.v.02', 'count': '74', 'syn': 'transport carry', 'def': ""move while supporting, either in a vehicle or in one's hands or on one's body"", 'ex': 'Y'}",[]
potted_plant,hold,holding,"hold, take_hold",held by hand; to have or maintain in the grasp; to attach the hand to,"{'id': 2, 'wid': 'v01216670', 'name': 'hold.v.02', 'count': '67', 'syn': 'hold take_hold', 'def': ""have or hold in one's hands or grip"", 'ex': 'H'}",[]
potted_plant,hose,hosing,"hose, hose_down",water with a hose,"{'id': 1, 'wid': 'v00228521', 'name': 'hose.v.01', 'count': '0', 'syn': 'hose hose_down', 'def': 'water with a hose', 'ex': 'h'}",[]
potted_plant,no_interaction,no_interaction,[],[],"{'id': 1, 'wid': 'v00228521', 'name': 'hose.v.01', 'count': '0', 'syn': 'hose hose_down', 'def': 'water with a hose', 'ex': 'h'}",[]
sheep,carry,carrying,"transport, carry","move while supporting, either in a vehicle or in one's hands or on one's body","{'id': 1, 'wid': 'v01449974', 'name': 'transport.v.02', 'count': '74', 'syn': 'transport carry', 'def': ""move while supporting, either in a vehicle or in one's hands or on one's body"", 'ex': 'Y'}",[]
sheep,feed,feeding,"feed, give",give food to,"{'id': 2, 'wid': 'v01178565', 'name': 'feed.v.02', 'count': '19', 'syn': 'feed give', 'def': 'give food to', 'ex': 'F'}",[]
sheep,herd,herding,"herd, crowd",to gather and move a group of animals,"{'id': 1, 'wid': 'v02028722', 'name': 'herd.v.01', 'count': '7', 'syn': 'herd crowd', 'def': 'cause to herd, drive, or crowd together', 'ex': 'W'}",[]
sheep,hold,holding,"hold, take_hold",held by hand; to have or maintain in the grasp; to attach the hand to,"{'id': 2, 'wid': 'v01216670', 'name': 'hold.v.02', 'count': '67', 'syn': 'hold take_hold', 'def': ""have or hold in one's hands or grip"", 'ex': 'H'}",[]
sheep,hug,hugging,"embrace, hug, bosom, squeeze","squeeze (someone) tightly in your arms, usually with fondness","{'id': 1, 'wid': 'v01424456', 'name': 'embrace.v.02', 'count': '9', 'syn': 'embrace hug bosom squeeze', 'def': 'squeeze (someone) tightly in your arms, usually with fondness', 'ex': 'H'}",[]
sheep,kiss,kissing,"snog, kiss, buss, osculate","touch with the lips or press the lips (against someone's mouth or other body part) as an expression of love, greeting, etc.","{'id': 1, 'wid': 'v01431230', 'name': 'snog.v.01', 'count': '18', 'syn': 'snog kiss buss osculate', 'def': ""touch with the lips or press the lips (against someone's mouth or other body part) as an expression of love, greeting, etc."", 'ex': 'T'}",[]
sheep,pet,petting,pet,stroke or caress gently,"{'id': 1, 'wid': 'v01425892', 'name': 'pet.v.01', 'count': '1', 'syn': 'pet', 'def': 'stroke or caress gently', 'ex': 'p'}",[]
sheep,ride,riding,"ride, sit","sit and travel on the back of animal, usually while controlling its motions","{'id': 1, 'wid': 'v01957529', 'name': 'ride.v.01', 'count': '54', 'syn': 'ride sit', 'def': 'sit and travel on the back of animal, usually while controlling its motions', 'ex': 'S'}",[]
sheep,shear,shearing,"fleece, shear",shear the wool from,"{'id': 2, 'wid': 'v01560369', 'name': 'fleece.v.02', 'count': '0', 'syn': 'fleece shear', 'def': 'shear the wool from', 'ex': 's'}",[]
sheep,walk,walking,walk,to accompany on foot; to cause (an animal) to go at a walk,"{'id': 9, 'wid': 'v01906823', 'name': 'walk.v.09', 'count': '0', 'syn': 'walk', 'def': 'make walk', 'ex': 'H'}",['a person walking with a sleep (sheeps)']
sheep,wash,washing,"wash, lave",cleanse (one's body) with soap and water,"{'id': 2, 'wid': 'v00036362', 'name': 'wash.v.02', 'count': '9', 'syn': 'wash lave', 'def': ""cleanse (one's body) with soap and water"", 'ex': []}",[]
sheep,no_interaction,no_interaction,[],[],"{'id': 2, 'wid': 'v00036362', 'name': 'wash.v.02', 'count': '9', 'syn': 'wash lave', 'def': ""cleanse (one's body) with soap and water"", 'ex': []}",[]
train,board,boarding,"board, get_on","get on board of (trains, buses, ships, aircraft, etc.)","{'id': 1, 'wid': 'v02018049', 'name': 'board.v.01', 'count': '6', 'syn': 'board get_on', 'def': 'get on board of (trains, buses, ships, aircraft, etc.)', 'ex': []}",[]
train,drive,driving,drive,operate or control a vehicle,"{'id': 1, 'wid': 'v01930874', 'name': 'drive.v.01', 'count': '56', 'syn': 'drive', 'def': 'operate or control a vehicle', 'ex': 'd'}",['the driver can be clearly seen in the picture']
train,exit,exiting,"exit, go_out, get_out, leave",move out of or depart from,"{'id': 1, 'wid': 'v02015598', 'name': 'exit.v.01', 'count': '72', 'syn': 'exit go_out get_out leave', 'def': 'move out of or depart from', 'ex': 'l'}",[]
train,load,loading,"load, lade, laden, load_up",(a person/worker) put things in/on (the target object),"{'id': 1, 'wid': 'v01489989', 'name': 'load.v.01', 'count': '9', 'syn': 'load lade laden load_up', 'def': 'fill or place a load on', 'ex': 'l'}",['people loading things on to the train']
train,ride,riding,ride,be carried or travel on or in a vehicle,"{'id': 2, 'wid': 'v01955984', 'name': 'ride.v.02', 'count': '30', 'syn': 'ride', 'def': 'be carried or travel on or in a vehicle', 'ex': 'I'}",[]
train,sit_on,sitting_on,"sit, sit_down",be seated,"{'id': 1, 'wid': 'v01543123', 'name': 'sit.v.01', 'count': '135', 'syn': 'sit sit_down', 'def': 'be seated', 'ex': []}",['the person sitting can be clearly seen in the picture']
train,wash,washing,"wash, rinse",clean with some chemical process,"{'id': 1, 'wid': 'v01270199', 'name': 'wash.v.01', 'count': '14', 'syn': 'wash rinse', 'def': 'clean with some chemical process', 'ex': []}",[]
train,no_interaction,no_interaction,[],[],"{'id': 1, 'wid': 'v01270199', 'name': 'wash.v.01', 'count': '14', 'syn': 'wash rinse', 'def': 'clean with some chemical process', 'ex': []}",[]
tv,control,controling,"operate, control",handle and cause to function,"{'id': 3, 'wid': 'v01224744', 'name': 'operate.v.03', 'count': '21', 'syn': 'operate control', 'def': 'handle and cause to function', 'ex': 'd'}",[]
tv,repair,repairing,"repair, mend, fix, bushel, doctor, furbish_up, restore, touch_on",restore by replacing a part or putting together what is torn or broken,"{'id': 1, 'wid': 'v00260648', 'name': 'repair.v.01', 'count': '26', 'syn': 'repair mend fix bushel doctor furbish_up restore touch_on', 'def': 'restore by replacing a part or putting together what is torn or broken', 'ex': 'S'}",[]
tv,watch,watching,watch,to look on at,"{'id': 1, 'wid': 'v02150510', 'name': 'watch.v.01', 'count': '77', 'syn': 'watch', 'def': 'look attentively', 'ex': 'w'}",[]
tv,no_interaction,no_interaction,[],[],"{'id': 1, 'wid': 'v02150510', 'name': 'watch.v.01', 'count': '77', 'syn': 'watch', 'def': 'look attentively', 'ex': 'w'}",[]
apple,buy,buying,"buy, purchase",obtain by purchase; acquire by means of a financial transaction,"{'id': 1, 'wid': 'v02207206', 'name': 'buy.v.01', 'count': '136', 'syn': 'buy purchase', 'def': 'obtain by purchase; acquire by means of a financial transaction', 'ex': 'T'}",[]
apple,cut,cutting,cut,separate with or as if with an instrument,"{'id': 1, 'wid': 'v01552519', 'name': 'cut.v.01', 'count': '58', 'syn': 'cut', 'def': 'separate with or as if with an instrument', 'ex': 'C'}",[]
apple,eat,eating,eat,take in solid food,"{'id': 1, 'wid': 'v01168468', 'name': 'eat.v.01', 'count': '61', 'syn': 'eat', 'def': 'take in solid food', 'ex': 'S'}",[]
apple,hold,holding,"hold, take_hold",held by hand; to have or maintain in the grasp; to attach the hand to,"{'id': 2, 'wid': 'v01216670', 'name': 'hold.v.02', 'count': '67', 'syn': 'hold take_hold', 'def': ""have or hold in one's hands or grip"", 'ex': 'H'}",[]
apple,inspect,inspecting,inspect,"to look at (something) carefully in order to learn more about it, to find problems, etc.","{'id': 1, 'wid': 'v02165543', 'name': 'inspect.v.01', 'count': '13', 'syn': 'inspect', 'def': 'look over carefully', 'ex': 'P'}",[]
apple,peel,peeling,"skin, peel, pare",strip the skin off,"{'id': 1, 'wid': 'v01262936', 'name': 'skin.v.04', 'count': '3', 'syn': 'skin peel pare', 'def': 'strip the skin off', 'ex': 'p'}",[]
apple,pick,picking,"pick, pluck, cull",look for and gather,"{'id': 2, 'wid': 'v01382083', 'name': 'pick.v.02', 'count': '4', 'syn': 'pick pluck cull', 'def': 'look for and gather', 'ex': 'p'}",[]
apple,smell,smelling,smell,inhale the odor of; perceive by the olfactory sense,"{'id': 1, 'wid': 'v02124748', 'name': 'smell.v.01', 'count': '14', 'syn': 'smell', 'def': 'inhale the odor of; perceive by the olfactory sense', 'ex': []}",[]
apple,wash,washing,"wash, rinse",clean with some chemical process,"{'id': 1, 'wid': 'v01270199', 'name': 'wash.v.01', 'count': '14', 'syn': 'wash rinse', 'def': 'clean with some chemical process', 'ex': []}",[]
apple,no_interaction,no_interaction,[],[],"{'id': 1, 'wid': 'v01270199', 'name': 'wash.v.01', 'count': '14', 'syn': 'wash rinse', 'def': 'clean with some chemical process', 'ex': []}",[]
backpack,carry,carrying,"transport, carry","move while supporting, either in a vehicle or in one's hands or on one's body","{'id': 1, 'wid': 'v01449974', 'name': 'transport.v.02', 'count': '74', 'syn': 'transport carry', 'def': ""move while supporting, either in a vehicle or in one's hands or on one's body"", 'ex': 'Y'}",[]
backpack,hold,holding,"hold, take_hold",held by hand; to have or maintain in the grasp; to attach the hand to,"{'id': 2, 'wid': 'v01216670', 'name': 'hold.v.02', 'count': '67', 'syn': 'hold take_hold', 'def': ""have or hold in one's hands or grip"", 'ex': 'H'}",[]
backpack,inspect,inspecting,inspect,"to look at (something) carefully in order to learn more about it, to find problems, etc.","{'id': 1, 'wid': 'v02165543', 'name': 'inspect.v.01', 'count': '13', 'syn': 'inspect', 'def': 'look over carefully', 'ex': 'P'}",[]
backpack,open,opening,"open, open_up",cause to open or to become open,"{'id': 1, 'wid': 'v01346003', 'name': 'open.v.01', 'count': '68', 'syn': 'open open_up', 'def': 'cause to open or to become open', 'ex': 'M'}",[]
backpack,wear,wearing,"wear, bear",have on one's person,"{'id': 2, 'wid': 'v00047745', 'name': 'wear.v.02', 'count': '23', 'syn': 'wear bear', 'def': ""have on one's person"", 'ex': 'H'}",[]
backpack,no_interaction,no_interaction,[],[],"{'id': 2, 'wid': 'v00047745', 'name': 'wear.v.02', 'count': '23', 'syn': 'wear bear', 'def': ""have on one's person"", 'ex': 'H'}",[]
banana,buy,buying,"buy, purchase",obtain by purchase; acquire by means of a financial transaction,"{'id': 1, 'wid': 'v02207206', 'name': 'buy.v.01', 'count': '136', 'syn': 'buy purchase', 'def': 'obtain by purchase; acquire by means of a financial transaction', 'ex': 'T'}",[]
banana,carry,carrying,"transport, carry","move while supporting, either in a vehicle or in one's hands or on one's body","{'id': 1, 'wid': 'v01449974', 'name': 'transport.v.02', 'count': '74', 'syn': 'transport carry', 'def': ""move while supporting, either in a vehicle or in one's hands or on one's body"", 'ex': 'Y'}",[]
banana,cut,cutting,cut,separate with or as if with an instrument,"{'id': 1, 'wid': 'v01552519', 'name': 'cut.v.01', 'count': '58', 'syn': 'cut', 'def': 'separate with or as if with an instrument', 'ex': 'C'}",[]
banana,eat,eating,eat,take in solid food,"{'id': 1, 'wid': 'v01168468', 'name': 'eat.v.01', 'count': '61', 'syn': 'eat', 'def': 'take in solid food', 'ex': 'S'}",[]
banana,hold,holding,"hold, take_hold",held by hand; to have or maintain in the grasp; to attach the hand to,"{'id': 2, 'wid': 'v01216670', 'name': 'hold.v.02', 'count': '67', 'syn': 'hold take_hold', 'def': ""have or hold in one's hands or grip"", 'ex': 'H'}",[]
banana,inspect,inspecting,inspect,"to look at (something) carefully in order to learn more about it, to find problems, etc.","{'id': 1, 'wid': 'v02165543', 'name': 'inspect.v.01', 'count': '13', 'syn': 'inspect', 'def': 'look over carefully', 'ex': 'P'}",[]
banana,peel,peeling,"skin, peel, pare",strip the skin off,"{'id': 1, 'wid': 'v01262936', 'name': 'skin.v.04', 'count': '3', 'syn': 'skin peel pare', 'def': 'strip the skin off', 'ex': 'p'}",[]
banana,pick,picking,"pick, pluck, cull",look for and gather,"{'id': 2, 'wid': 'v01382083', 'name': 'pick.v.02', 'count': '4', 'syn': 'pick pluck cull', 'def': 'look for and gather', 'ex': 'p'}",[]
banana,smell,smelling,smell,inhale the odor of; perceive by the olfactory sense,"{'id': 1, 'wid': 'v02124748', 'name': 'smell.v.01', 'count': '14', 'syn': 'smell', 'def': 'inhale the odor of; perceive by the olfactory sense', 'ex': []}",[]
banana,no_interaction,no_interaction,[],[],"{'id': 1, 'wid': 'v02124748', 'name': 'smell.v.01', 'count': '14', 'syn': 'smell', 'def': 'inhale the odor of; perceive by the olfactory sense', 'ex': []}",[]
baseball_bat,break,breaking,break,destroy the integrity of; usually by force; cause to separate into pieces or fragments,"{'id': 5, 'wid': 'v00334996', 'name': 'break.v.05', 'count': '8', 'syn': 'break', 'def': 'destroy the integrity of; usually by force; cause to separate into pieces or fragments', 'ex': 'H'}",[]
baseball_bat,carry,carrying,"transport, carry","move while supporting, either in a vehicle or in one's hands or on one's body","{'id': 1, 'wid': 'v01449974', 'name': 'transport.v.02', 'count': '74', 'syn': 'transport carry', 'def': ""move while supporting, either in a vehicle or in one's hands or on one's body"", 'ex': 'Y'}",['hold a bat when moving']
baseball_bat,hold,holding,"hold, take_hold",held by hand; to have or maintain in the grasp; to attach the hand to,"{'id': 2, 'wid': 'v01216670', 'name': 'hold.v.02', 'count': '67', 'syn': 'hold take_hold', 'def': ""have or hold in one's hands or grip"", 'ex': 'H'}",[]
baseball_bat,sign,signing,"sign, subscribe",mark with one's signature; write one's name (on),"{'id': 1, 'wid': 'v00996485', 'name': 'sign.v.01', 'count': '17', 'syn': 'sign subscribe', 'def': ""mark with one's signature; write one's name (on)"", 'ex': 'S'}",[]
baseball_bat,swing,swinging,swing,"move in a curve or arc, usually with the intent of hitting","{'id': 1, 'wid': 'v02087745', 'name': 'swing.v.01', 'count': '35', 'syn': 'swing', 'def': 'move in a curve or arc, usually with the intent of hitting', 'ex': 'H'}",[]
baseball_bat,throw,throwing,throw,propel through the air,"{'id': 1, 'wid': 'v01508368', 'name': 'throw.v.01', 'count': '53', 'syn': 'throw', 'def': 'propel through the air', 'ex': 't'}",[]
baseball_bat,wield,wielding,"wield, handle, manage",handle effectively,"{'id': 2, 'wid': 'v01224415', 'name': 'wield.v.02', 'count': '3', 'syn': 'wield handle manage', 'def': 'handle effectively', 'ex': 'T'}",[]
baseball_bat,no_interaction,no_interaction,[],[],"{'id': 2, 'wid': 'v01224415', 'name': 'wield.v.02', 'count': '3', 'syn': 'wield handle manage', 'def': 'handle effectively', 'ex': 'T'}",[]
baseball_glove,hold,holding,"hold, take_hold",held by hand; to have or maintain in the grasp; to attach the hand to,"{'id': 2, 'wid': 'v01216670', 'name': 'hold.v.02', 'count': '67', 'syn': 'hold take_hold', 'def': ""have or hold in one's hands or grip"", 'ex': 'H'}",[]
baseball_glove,wear,wearing,"wear, bear",have on one's person,"{'id': 2, 'wid': 'v00047745', 'name': 'wear.v.02', 'count': '23', 'syn': 'wear bear', 'def': ""have on one's person"", 'ex': 'H'}",[]
baseball_glove,no_interaction,no_interaction,[],[],"{'id': 2, 'wid': 'v00047745', 'name': 'wear.v.02', 'count': '23', 'syn': 'wear bear', 'def': ""have on one's person"", 'ex': 'H'}",[]
bear,feed,feeding,"feed, give",give food to,"{'id': 2, 'wid': 'v01178565', 'name': 'feed.v.02', 'count': '19', 'syn': 'feed give', 'def': 'give food to', 'ex': 'F'}",[]
bear,hunt,hunting,"hunt, run, hunt_down, track_down",pursue for food or sport (as of wild animals),"{'id': 1, 'wid': 'v01143838', 'name': 'hunt.v.01', 'count': '9', 'syn': 'hunt run hunt_down track_down', 'def': 'pursue for food or sport (as of wild animals)', 'ex': 'G'}",[]
bear,watch,watching,watch,watch with appreciation; to look at for an amount of time,"{'id': 1, 'wid': 'v02150510', 'name': 'watch.v.01', 'count': '77', 'syn': 'watch', 'def': 'look attentively', 'ex': 'w'}",['watch a live bear either in zoo or in the wild']
bear,no_interaction,no_interaction,[],[],"{'id': 1, 'wid': 'v02150510', 'name': 'watch.v.01', 'count': '77', 'syn': 'watch', 'def': 'look attentively', 'ex': 'w'}",[]
bed,clean,cleaning,"clean, make_clean","make clean by removing dirt, filth, or unwanted substances from","{'id': 1, 'wid': 'v01532589', 'name': 'clean.v.01', 'count': '16', 'syn': 'clean make_clean', 'def': 'make clean by removing dirt, filth, or unwanted substances from', 'ex': 'C'}",[]
bed,lie_on,lying_on,lie,"be lying, be prostrate; be in a horizontal position","{'id': 2, 'wid': 'v01547001', 'name': 'lie.v.02', 'count': '58', 'syn': 'lie', 'def': 'be lying, be prostrate; be in a horizontal position', 'ex': 'T'}",[]
bed,sit_on,sitting_on,"sit, sit_down",be seated,"{'id': 1, 'wid': 'v01543123', 'name': 'sit.v.01', 'count': '135', 'syn': 'sit sit_down', 'def': 'be seated', 'ex': []}",[]
bed,no_interaction,no_interaction,[],[],"{'id': 1, 'wid': 'v01543123', 'name': 'sit.v.01', 'count': '135', 'syn': 'sit sit_down', 'def': 'be seated', 'ex': []}",[]
bench,inspect,inspecting,inspect,"to look at (something) carefully in order to learn more about it, to find problems, etc.","{'id': 1, 'wid': 'v02165543', 'name': 'inspect.v.01', 'count': '13', 'syn': 'inspect', 'def': 'look over carefully', 'ex': 'P'}",[]
bench,lie_on,lying_on,lie,"be lying, be prostrate; be in a horizontal position","{'id': 2, 'wid': 'v01547001', 'name': 'lie.v.02', 'count': '58', 'syn': 'lie', 'def': 'be lying, be prostrate; be in a horizontal position', 'ex': 'T'}",[]
bench,sit_on,sitting_on,"sit, sit_down",be seated,"{'id': 1, 'wid': 'v01543123', 'name': 'sit.v.01', 'count': '135', 'syn': 'sit sit_down', 'def': 'be seated', 'ex': []}",[]
bench,no_interaction,no_interaction,[],[],"{'id': 1, 'wid': 'v01543123', 'name': 'sit.v.01', 'count': '135', 'syn': 'sit sit_down', 'def': 'be seated', 'ex': []}",[]
book,carry,carrying,"transport, carry","move while supporting, either in a vehicle or in one's hands or on one's body","{'id': 1, 'wid': 'v01449974', 'name': 'transport.v.02', 'count': '74', 'syn': 'transport carry', 'def': ""move while supporting, either in a vehicle or in one's hands or on one's body"", 'ex': 'Y'}",[]
book,hold,holding,"hold, take_hold",held by hand; to have or maintain in the grasp; to attach the hand to,"{'id': 2, 'wid': 'v01216670', 'name': 'hold.v.02', 'count': '67', 'syn': 'hold take_hold', 'def': ""have or hold in one's hands or grip"", 'ex': 'H'}",[]
book,open,opening,"open, open_up",cause to open or to become open,"{'id': 1, 'wid': 'v01346003', 'name': 'open.v.01', 'count': '68', 'syn': 'open open_up', 'def': 'cause to open or to become open', 'ex': 'M'}",[]
book,read,reading,read,interpret something that is written or printed,"{'id': 1, 'wid': 'v00625119', 'name': 'read.v.01', 'count': '115', 'syn': 'read', 'def': 'interpret something that is written or printed', 'ex': 'r'}",[]
book,no_interaction,no_interaction,[],[],"{'id': 1, 'wid': 'v00625119', 'name': 'read.v.01', 'count': '115', 'syn': 'read', 'def': 'interpret something that is written or printed', 'ex': 'r'}",[]
bowl,hold,holding,"hold, take_hold",held by hand; to have or maintain in the grasp; to attach the hand to,"{'id': 2, 'wid': 'v01216670', 'name': 'hold.v.02', 'count': '67', 'syn': 'hold take_hold', 'def': ""have or hold in one's hands or grip"", 'ex': 'H'}",[]
bowl,stir,stirring,stir,mix or add by stirring,"{'id': 8, 'wid': 'v01541467', 'name': 'stir.v.08', 'count': '0', 'syn': 'stir', 'def': 'mix or add by stirring', 'ex': 'S'}",[]
bowl,wash,washing,"wash, rinse",clean with some chemical process,"{'id': 1, 'wid': 'v01270199', 'name': 'wash.v.01', 'count': '14', 'syn': 'wash rinse', 'def': 'clean with some chemical process', 'ex': []}",[]
bowl,lick,licking,"lick, lap",pass the tongue over,"{'id': 2, 'wid': 'v01432176', 'name': 'lick.v.02', 'count': '8', 'syn': 'lick lap', 'def': 'pass the tongue over', 'ex': 't'}",[]
bowl,no_interaction,no_interaction,[],[],"{'id': 2, 'wid': 'v01432176', 'name': 'lick.v.02', 'count': '8', 'syn': 'lick lap', 'def': 'pass the tongue over', 'ex': 't'}",[]
broccoli,cut,cutting,cut,separate with or as if with an instrument,"{'id': 1, 'wid': 'v01552519', 'name': 'cut.v.01', 'count': '58', 'syn': 'cut', 'def': 'separate with or as if with an instrument', 'ex': 'C'}",[]
broccoli,eat,eating,eat,take in solid food,"{'id': 1, 'wid': 'v01168468', 'name': 'eat.v.01', 'count': '61', 'syn': 'eat', 'def': 'take in solid food', 'ex': 'S'}",[]
broccoli,hold,holding,"hold, take_hold",held by hand; to have or maintain in the grasp; to attach the hand to,"{'id': 2, 'wid': 'v01216670', 'name': 'hold.v.02', 'count': '67', 'syn': 'hold take_hold', 'def': ""have or hold in one's hands or grip"", 'ex': 'H'}",[]
broccoli,smell,smelling,smell,inhale the odor of; perceive by the olfactory sense,"{'id': 1, 'wid': 'v02124748', 'name': 'smell.v.01', 'count': '14', 'syn': 'smell', 'def': 'inhale the odor of; perceive by the olfactory sense', 'ex': []}",[]
broccoli,stir,stirring,stir,mix or add by stirring,"{'id': 8, 'wid': 'v01541467', 'name': 'stir.v.08', 'count': '0', 'syn': 'stir', 'def': 'mix or add by stirring', 'ex': 'S'}",[]
broccoli,wash,washing,"wash, rinse",clean with some chemical process,"{'id': 1, 'wid': 'v01270199', 'name': 'wash.v.01', 'count': '14', 'syn': 'wash rinse', 'def': 'clean with some chemical process', 'ex': []}",[]
broccoli,no_interaction,no_interaction,[],[],"{'id': 1, 'wid': 'v01270199', 'name': 'wash.v.01', 'count': '14', 'syn': 'wash rinse', 'def': 'clean with some chemical process', 'ex': []}",[]
cake,blow,blowing,blow,exhale hard,"{'id': 1, 'wid': 'v00007012', 'name': 'blow.v.01', 'count': '6', 'syn': 'blow', 'def': 'exhale hard', 'ex': 'b'}",[]
cake,carry,carrying,"transport, carry","move while supporting, either in a vehicle or in one's hands or on one's body","{'id': 1, 'wid': 'v01449974', 'name': 'transport.v.02', 'count': '74', 'syn': 'transport carry', 'def': ""move while supporting, either in a vehicle or in one's hands or on one's body"", 'ex': 'Y'}",[]
cake,cut,cutting,cut,separate with or as if with an instrument,"{'id': 1, 'wid': 'v01552519', 'name': 'cut.v.01', 'count': '58', 'syn': 'cut', 'def': 'separate with or as if with an instrument', 'ex': 'C'}",[]
cake,eat,eating,eat,take in solid food,"{'id': 1, 'wid': 'v01168468', 'name': 'eat.v.01', 'count': '61', 'syn': 'eat', 'def': 'take in solid food', 'ex': 'S'}",[]
cake,hold,holding,"hold, take_hold",held by hand; to have or maintain in the grasp; to attach the hand to,"{'id': 2, 'wid': 'v01216670', 'name': 'hold.v.02', 'count': '67', 'syn': 'hold take_hold', 'def': ""have or hold in one's hands or grip"", 'ex': 'H'}",[]
cake,light,lighting,"ignite, light",cause to start burning; subject to fire or great heat,"{'id': 4, 'wid': 'v02759614', 'name': 'ignite.v.01', 'count': '4', 'syn': 'ignite light', 'def': 'cause to start burning; subject to fire or great heat', 'ex': 'G'}",[]
cake,make,making,"produce, make, create",create or manufacture a man-made product,"{'id': 6, 'wid': 'v01621555', 'name': 'produce.v.02', 'count': '90', 'syn': 'produce make create', 'def': 'create or manufacture a man-made product', 'ex': 'W'}",[]
cake,pick_up,picking_up,pick_up,take up by hand,"{'id': 2, 'wid': 'v01207402', 'name': 'pick_up.v.02', 'count': '19', 'syn': 'pick_up', 'def': 'take up by hand', 'ex': 'H'}",[]
cake,no_interaction,no_interaction,[],[],"{'id': 2, 'wid': 'v01207402', 'name': 'pick_up.v.02', 'count': '19', 'syn': 'pick_up', 'def': 'take up by hand', 'ex': 'H'}",[]
carrot,carry,carrying,"transport, carry","move while supporting, either in a vehicle or in one's hands or on one's body","{'id': 1, 'wid': 'v01449974', 'name': 'transport.v.02', 'count': '74', 'syn': 'transport carry', 'def': ""move while supporting, either in a vehicle or in one's hands or on one's body"", 'ex': 'Y'}",[]
carrot,cook,cooking,cook,transform and make suitable for consumption by heating,"{'id': 3, 'wid': 'v00322847', 'name': 'cook.v.03', 'count': '6', 'syn': 'cook', 'def': 'transform and make suitable for consumption by heating', 'ex': 'T'}",[]
carrot,cut,cutting,cut,separate with or as if with an instrument,"{'id': 1, 'wid': 'v01552519', 'name': 'cut.v.01', 'count': '58', 'syn': 'cut', 'def': 'separate with or as if with an instrument', 'ex': 'C'}",[]
carrot,eat,eating,eat,take in solid food,"{'id': 1, 'wid': 'v01168468', 'name': 'eat.v.01', 'count': '61', 'syn': 'eat', 'def': 'take in solid food', 'ex': 'S'}",[]
carrot,hold,holding,"hold, take_hold",held by hand; to have or maintain in the grasp; to attach the hand to,"{'id': 2, 'wid': 'v01216670', 'name': 'hold.v.02', 'count': '67', 'syn': 'hold take_hold', 'def': ""have or hold in one's hands or grip"", 'ex': 'H'}",[]
carrot,peel,peeling,"skin, peel, pare",strip the skin off,"{'id': 1, 'wid': 'v01262936', 'name': 'skin.v.04', 'count': '3', 'syn': 'skin peel pare', 'def': 'strip the skin off', 'ex': 'p'}",[]
carrot,smell,smelling,smell,inhale the odor of; perceive by the olfactory sense,"{'id': 1, 'wid': 'v02124748', 'name': 'smell.v.01', 'count': '14', 'syn': 'smell', 'def': 'inhale the odor of; perceive by the olfactory sense', 'ex': []}",[]
carrot,stir,stirring,stir,mix or add by stirring,"{'id': 8, 'wid': 'v01541467', 'name': 'stir.v.08', 'count': '0', 'syn': 'stir', 'def': 'mix or add by stirring', 'ex': 'S'}",[]
carrot,wash,washing,"wash, rinse",clean with some chemical process,"{'id': 1, 'wid': 'v01270199', 'name': 'wash.v.01', 'count': '14', 'syn': 'wash rinse', 'def': 'clean with some chemical process', 'ex': []}",[]
carrot,no_interaction,no_interaction,[],[],"{'id': 1, 'wid': 'v01270199', 'name': 'wash.v.01', 'count': '14', 'syn': 'wash rinse', 'def': 'clean with some chemical process', 'ex': []}",[]
cell_phone,carry,carrying,"transport, carry","move while supporting, either in a vehicle or in one's hands or on one's body","{'id': 1, 'wid': 'v01449974', 'name': 'transport.v.02', 'count': '74', 'syn': 'transport carry', 'def': ""move while supporting, either in a vehicle or in one's hands or on one's body"", 'ex': 'Y'}",[]
cell_phone,hold,holding,"hold, take_hold",held by hand; to have or maintain in the grasp; to attach the hand to,"{'id': 2, 'wid': 'v01216670', 'name': 'hold.v.02', 'count': '67', 'syn': 'hold take_hold', 'def': ""have or hold in one's hands or grip"", 'ex': 'H'}",[]
cell_phone,read,reading,read,interpret something that is written or printed,"{'id': 1, 'wid': 'v00625119', 'name': 'read.v.01', 'count': '115', 'syn': 'read', 'def': 'interpret something that is written or printed', 'ex': 'r'}",[]
cell_phone,repair,repairing,"repair, mend, fix, bushel, doctor, furbish_up, restore, touch_on",restore by replacing a part or putting together what is torn or broken,"{'id': 1, 'wid': 'v00260648', 'name': 'repair.v.01', 'count': '26', 'syn': 'repair mend fix bushel doctor furbish_up restore touch_on', 'def': 'restore by replacing a part or putting together what is torn or broken', 'ex': 'S'}",[]
cell_phone,talk_on,talking_on,"talk, speak",exchange thoughts; talk with,"{'id': 1, 'wid': 'v00962447', 'name': 'talk.v.01', 'count': '161', 'syn': 'talk speak', 'def': 'exchange thoughts; talk with', 'ex': 'W'}",[]
cell_phone,text_on,texting_on,message,send a message,"{'id': 3, 'wid': 'v01071328', 'name': 'message.v.03', 'count': '0', 'syn': 'message', 'def': 'send a message', 'ex': 'T'}",[]
cell_phone,no_interaction,no_interaction,[],[],"{'id': 3, 'wid': 'v01071328', 'name': 'message.v.03', 'count': '0', 'syn': 'message', 'def': 'send a message', 'ex': 'T'}",[]
clock,check,checking,"determine, check, find_out, see, ascertain, watch, learn","find out, learn, or determine with certainty, usually by making an inquiry or other effort","{'id': 21, 'wid': 'v00920336', 'name': 'determine.v.08', 'count': '28', 'syn': 'determine check find_out see ascertain watch learn', 'def': 'find out, learn, or determine with certainty, usually by making an inquiry or other effort', 'ex': 'I'}",[]
clock,hold,holding,"hold, take_hold",held by hand; to have or maintain in the grasp; to attach the hand to,"{'id': 2, 'wid': 'v01216670', 'name': 'hold.v.02', 'count': '67', 'syn': 'hold take_hold', 'def': ""have or hold in one's hands or grip"", 'ex': 'H'}",[]
clock,repair,repairing,"repair, mend, fix, bushel, doctor, furbish_up, restore, touch_on",restore by replacing a part or putting together what is torn or broken,"{'id': 1, 'wid': 'v00260648', 'name': 'repair.v.01', 'count': '26', 'syn': 'repair mend fix bushel doctor furbish_up restore touch_on', 'def': 'restore by replacing a part or putting together what is torn or broken', 'ex': 'S'}",[]
clock,set,setting,set,set to a certain position or cause to operate correctly,"{'id': 8, 'wid': 'v00298556', 'name': 'set.v.08', 'count': '5', 'syn': 'set', 'def': 'set to a certain position or cause to operate correctly', 'ex': 's'}",[]
clock,no_interaction,no_interaction,[],[],"{'id': 8, 'wid': 'v00298556', 'name': 'set.v.08', 'count': '5', 'syn': 'set', 'def': 'set to a certain position or cause to operate correctly', 'ex': 's'}",[]
cup,carry,carrying,"transport, carry","move while supporting, either in a vehicle or in one's hands or on one's body","{'id': 1, 'wid': 'v01449974', 'name': 'transport.v.02', 'count': '74', 'syn': 'transport carry', 'def': ""move while supporting, either in a vehicle or in one's hands or on one's body"", 'ex': 'Y'}",[]
cup,drink_with,drinking_with,"drink, imbibe",take in liquids,"{'id': 1, 'wid': 'v01170052', 'name': 'drink.v.01', 'count': '30', 'syn': 'drink imbibe', 'def': 'take in liquids', 'ex': 'T'}",[]
cup,hold,holding,"hold, take_hold",held by hand; to have or maintain in the grasp; to attach the hand to,"{'id': 2, 'wid': 'v01216670', 'name': 'hold.v.02', 'count': '67', 'syn': 'hold take_hold', 'def': ""have or hold in one's hands or grip"", 'ex': 'H'}",[]
cup,inspect,inspecting,inspect,"to look at (something) carefully in order to learn more about it, to find problems, etc.","{'id': 1, 'wid': 'v02165543', 'name': 'inspect.v.01', 'count': '13', 'syn': 'inspect', 'def': 'look over carefully', 'ex': 'P'}",[]
cup,pour,pouring,"decant, pour, pour_out",pour out,"{'id': 3, 'wid': 'v02070296', 'name': 'decant.v.01', 'count': '7', 'syn': 'decant pour pour_out', 'def': 'pour out', 'ex': 't'}",['pour things out of the cup']
cup,sip,sipping,sip,drink in sips,"{'id': 1, 'wid': 'v01170687', 'name': 'sip.v.01', 'count': '7', 'syn': 'sip', 'def': 'drink in sips', 'ex': 'S'}",[]
cup,smell,smelling,smell,inhale the odor of; perceive by the olfactory sense,"{'id': 1, 'wid': 'v02124748', 'name': 'smell.v.01', 'count': '14', 'syn': 'smell', 'def': 'inhale the odor of; perceive by the olfactory sense', 'ex': []}",[]
cup,fill,filling,"fill, fill_up, make_full","make full, also in a metaphorical sense","{'id': 1, 'wid': 'v00452512', 'name': 'fill.v.01', 'count': '63', 'syn': 'fill fill_up make_full', 'def': 'make full, also in a metaphorical sense', 'ex': 'f'}",[]
cup,wash,washing,"wash, rinse",clean with some chemical process,"{'id': 1, 'wid': 'v01270199', 'name': 'wash.v.01', 'count': '14', 'syn': 'wash rinse', 'def': 'clean with some chemical process', 'ex': []}",[]
cup,no_interaction,no_interaction,[],[],"{'id': 1, 'wid': 'v01270199', 'name': 'wash.v.01', 'count': '14', 'syn': 'wash rinse', 'def': 'clean with some chemical process', 'ex': []}",[]
donut,buy,buying,"buy, purchase",obtain by purchase; acquire by means of a financial transaction,"{'id': 1, 'wid': 'v02207206', 'name': 'buy.v.01', 'count': '136', 'syn': 'buy purchase', 'def': 'obtain by purchase; acquire by means of a financial transaction', 'ex': 'T'}",[]
donut,carry,carrying,"transport, carry","move while supporting, either in a vehicle or in one's hands or on one's body","{'id': 1, 'wid': 'v01449974', 'name': 'transport.v.02', 'count': '74', 'syn': 'transport carry', 'def': ""move while supporting, either in a vehicle or in one's hands or on one's body"", 'ex': 'Y'}",[]
donut,eat,eating,eat,take in solid food,"{'id': 1, 'wid': 'v01168468', 'name': 'eat.v.01', 'count': '61', 'syn': 'eat', 'def': 'take in solid food', 'ex': 'S'}",[]
donut,hold,holding,"hold, take_hold",held by hand; to have or maintain in the grasp; to attach the hand to,"{'id': 2, 'wid': 'v01216670', 'name': 'hold.v.02', 'count': '67', 'syn': 'hold take_hold', 'def': ""have or hold in one's hands or grip"", 'ex': 'H'}",[]
donut,make,making,"produce, make, create",create or manufacture a man-made product,"{'id': 6, 'wid': 'v01621555', 'name': 'produce.v.02', 'count': '90', 'syn': 'produce make create', 'def': 'create or manufacture a man-made product', 'ex': 'W'}",[]
donut,pick_up,picking_up,pick_up,take up by hand,"{'id': 2, 'wid': 'v01207402', 'name': 'pick_up.v.02', 'count': '19', 'syn': 'pick_up', 'def': 'take up by hand', 'ex': 'H'}",[]
donut,smell,smelling,smell,inhale the odor of; perceive by the olfactory sense,"{'id': 1, 'wid': 'v02124748', 'name': 'smell.v.01', 'count': '14', 'syn': 'smell', 'def': 'inhale the odor of; perceive by the olfactory sense', 'ex': []}",[]
donut,no_interaction,no_interaction,[],[],"{'id': 1, 'wid': 'v02124748', 'name': 'smell.v.01', 'count': '14', 'syn': 'smell', 'def': 'inhale the odor of; perceive by the olfactory sense', 'ex': []}",[]
elephant,feed,feeding,"feed, give",give food to,"{'id': 2, 'wid': 'v01178565', 'name': 'feed.v.02', 'count': '19', 'syn': 'feed give', 'def': 'give food to', 'ex': 'F'}",[]
elephant,hold,holding,"hold, take_hold",held by hand; to have or maintain in the grasp; to attach the hand to,"{'id': 2, 'wid': 'v01216670', 'name': 'hold.v.02', 'count': '67', 'syn': 'hold take_hold', 'def': ""have or hold in one's hands or grip"", 'ex': 'H'}",[]
elephant,hose,hosing,"hose, hose_down",water with a hose,"{'id': 1, 'wid': 'v00228521', 'name': 'hose.v.01', 'count': '0', 'syn': 'hose hose_down', 'def': 'water with a hose', 'ex': 'h'}",[]
elephant,hug,hugging,"embrace, hug, bosom, squeeze","squeeze (someone) tightly in your arms, usually with fondness","{'id': 1, 'wid': 'v01424456', 'name': 'embrace.v.02', 'count': '9', 'syn': 'embrace hug bosom squeeze', 'def': 'squeeze (someone) tightly in your arms, usually with fondness', 'ex': 'H'}",[]
elephant,kiss,kissing,"snog, kiss, buss, osculate","touch with the lips or press the lips (against someone's mouth or other body part) as an expression of love, greeting, etc.","{'id': 1, 'wid': 'v01431230', 'name': 'snog.v.01', 'count': '18', 'syn': 'snog kiss buss osculate', 'def': ""touch with the lips or press the lips (against someone's mouth or other body part) as an expression of love, greeting, etc."", 'ex': 'T'}",[]
elephant,hop_on,hopping_on,"hop_on, mount, mount_up, get_on, jump_on, climb_on, bestride",climb up onto; get up on the back of,"{'id': 1, 'wid': 'v01923414', 'name': 'hop_on.v.01', 'count': '8', 'syn': 'hop_on mount mount_up get_on jump_on climb_on bestride', 'def': 'get up on the back of', 'ex': 'm'}",['getting on the elephant']
elephant,pet,petting,pet,stroke or caress gently,"{'id': 1, 'wid': 'v01425892', 'name': 'pet.v.01', 'count': '1', 'syn': 'pet', 'def': 'stroke or caress gently', 'ex': 'p'}",[]
elephant,ride,riding,"ride, sit","sit and travel on the back of animal, usually while controlling its motions","{'id': 1, 'wid': 'v01957529', 'name': 'ride.v.01', 'count': '54', 'syn': 'ride sit', 'def': 'sit and travel on the back of animal, usually while controlling its motions', 'ex': 'S'}",[]
elephant,walk,walking,walk,to accompany on foot; to cause (an animal) to go at a walk,"{'id': 9, 'wid': 'v01906823', 'name': 'walk.v.09', 'count': '0', 'syn': 'walk', 'def': 'make walk', 'ex': 'H'}",[]
elephant,wash,washing,"wash, lave",cleanse (one's body) with soap and water,"{'id': 2, 'wid': 'v00036362', 'name': 'wash.v.02', 'count': '9', 'syn': 'wash lave', 'def': ""cleanse (one's body) with soap and water"", 'ex': []}",[]
elephant,watch,watching,watch,watch with appreciation; to look at for an amount of time,"{'id': 1, 'wid': 'v02150510', 'name': 'watch.v.01', 'count': '77', 'syn': 'watch', 'def': 'look attentively', 'ex': 'w'}",['watch a live elephant either in zoo or in the wild']
elephant,no_interaction,no_interaction,[],[],"{'id': 1, 'wid': 'v02150510', 'name': 'watch.v.01', 'count': '77', 'syn': 'watch', 'def': 'look attentively', 'ex': 'w'}",[]
fire_hydrant,hug,hugging,"embrace, hug, bosom, squeeze","squeeze (someone) tightly in your arms, usually with fondness","{'id': 1, 'wid': 'v01424456', 'name': 'embrace.v.02', 'count': '9', 'syn': 'embrace hug bosom squeeze', 'def': 'squeeze (someone) tightly in your arms, usually with fondness', 'ex': 'H'}",[]
fire_hydrant,inspect,inspecting,inspect,"to look at (something) carefully in order to learn more about it, to find problems, etc.","{'id': 1, 'wid': 'v02165543', 'name': 'inspect.v.01', 'count': '13', 'syn': 'inspect', 'def': 'look over carefully', 'ex': 'P'}",[]
fire_hydrant,open,opening,"open, open_up",cause to open or to become open,"{'id': 1, 'wid': 'v01346003', 'name': 'open.v.01', 'count': '68', 'syn': 'open open_up', 'def': 'cause to open or to become open', 'ex': 'M'}",[]
fire_hydrant,paint,painting,paint,apply paint to; coat with paint,"{'id': 2, 'wid': 'v01362736', 'name': 'paint.v.02', 'count': '13', 'syn': 'paint', 'def': 'apply paint to; coat with paint', 'ex': 'W'}",[]
fire_hydrant,no_interaction,no_interaction,[],[],"{'id': 2, 'wid': 'v01362736', 'name': 'paint.v.02', 'count': '13', 'syn': 'paint', 'def': 'apply paint to; coat with paint', 'ex': 'W'}",[]
fork,hold,holding,"hold, take_hold",held by hand; to have or maintain in the grasp; to attach the hand to,"{'id': 2, 'wid': 'v01216670', 'name': 'hold.v.02', 'count': '67', 'syn': 'hold take_hold', 'def': ""have or hold in one's hands or grip"", 'ex': 'H'}",[]
fork,lift,lifting,"raise, lift, elevate, get_up, bring_up",raise from a lower to a higher position,"{'id': 1, 'wid': 'v01974062', 'name': 'raise.v.02', 'count': '65', 'syn': 'raise lift elevate get_up bring_up', 'def': 'raise from a lower to a higher position', 'ex': 'R'}",[]
fork,stick,sticking,stick,pierce or penetrate or puncture with something pointed,"{'id': 13, 'wid': 'v01441793', 'name': 'stick.v.13', 'count': '0', 'syn': 'stick', 'def': 'pierce or penetrate or puncture with something pointed', 'ex': 'H'}",['pierce into a steak or something similar']
fork,lick,licking,"lick, lap",pass the tongue over,"{'id': 2, 'wid': 'v01432176', 'name': 'lick.v.02', 'count': '8', 'syn': 'lick lap', 'def': 'pass the tongue over', 'ex': 't'}",[]
fork,wash,washing,"wash, rinse",clean with some chemical process,"{'id': 1, 'wid': 'v01270199', 'name': 'wash.v.01', 'count': '14', 'syn': 'wash rinse', 'def': 'clean with some chemical process', 'ex': []}",[]
fork,no_interaction,no_interaction,[],[],"{'id': 1, 'wid': 'v01270199', 'name': 'wash.v.01', 'count': '14', 'syn': 'wash rinse', 'def': 'clean with some chemical process', 'ex': []}",[]
frisbee,block,blocking,"parry, block, deflect",impede the movement of (an opponent or a ball),"{'id': 12, 'wid': 'v01147060', 'name': 'parry.v.01', 'count': '1', 'syn': 'parry block deflect', 'def': 'impede the movement of (an opponent or a ball)', 'ex': 'b'}",['should clearly have a person extending his body to block another person (with frisbee)']
frisbee,catch,catching,"catch, grab, take_hold_of",take hold of so as to seize or restrain or stop the motion of,"{'id': 4, 'wid': 'v01439190', 'name': 'catch.v.04', 'count': '36', 'syn': 'catch grab take_hold_of', 'def': 'take hold of so as to seize or restrain or stop the motion of', 'ex': 'C'}",[]
frisbee,hold,holding,"hold, take_hold",held by hand; to have or maintain in the grasp; to attach the hand to,"{'id': 2, 'wid': 'v01216670', 'name': 'hold.v.02', 'count': '67', 'syn': 'hold take_hold', 'def': ""have or hold in one's hands or grip"", 'ex': 'H'}",[]
frisbee,spin,spining,"whirl, birl, spin, twirl",cause to spin,"{'id': 3, 'wid': 'v02048051', 'name': 'whirl.v.02', 'count': '3', 'syn': 'whirl birl spin twirl', 'def': 'cause to spin', 'ex': 's'}",['cause to spin on the finger']
frisbee,throw,throwing,throw,propel through the air,"{'id': 1, 'wid': 'v01508368', 'name': 'throw.v.01', 'count': '53', 'syn': 'throw', 'def': 'propel through the air', 'ex': 't'}",[]
frisbee,no_interaction,no_interaction,[],[],"{'id': 1, 'wid': 'v01508368', 'name': 'throw.v.01', 'count': '53', 'syn': 'throw', 'def': 'propel through the air', 'ex': 't'}",[]
giraffe,feed,feeding,"feed, give",give food to,"{'id': 2, 'wid': 'v01178565', 'name': 'feed.v.02', 'count': '19', 'syn': 'feed give', 'def': 'give food to', 'ex': 'F'}",[]
giraffe,kiss,kissing,"snog, kiss, buss, osculate","touch with the lips or press the lips (against someone's mouth or other body part) as an expression of love, greeting, etc.","{'id': 1, 'wid': 'v01431230', 'name': 'snog.v.01', 'count': '18', 'syn': 'snog kiss buss osculate', 'def': ""touch with the lips or press the lips (against someone's mouth or other body part) as an expression of love, greeting, etc."", 'ex': 'T'}",[]
giraffe,pet,petting,pet,stroke or caress gently,"{'id': 1, 'wid': 'v01425892', 'name': 'pet.v.01', 'count': '1', 'syn': 'pet', 'def': 'stroke or caress gently', 'ex': 'p'}",[]
giraffe,ride,riding,"ride, sit","sit and travel on the back of animal, usually while controlling its motions","{'id': 1, 'wid': 'v01957529', 'name': 'ride.v.01', 'count': '54', 'syn': 'ride sit', 'def': 'sit and travel on the back of animal, usually while controlling its motions', 'ex': 'S'}",[]
giraffe,watch,watching,watch,watch with appreciation; to look at for an amount of time,"{'id': 1, 'wid': 'v02150510', 'name': 'watch.v.01', 'count': '77', 'syn': 'watch', 'def': 'look attentively', 'ex': 'w'}",[]
giraffe,no_interaction,no_interaction,[],[],"{'id': 1, 'wid': 'v02150510', 'name': 'watch.v.01', 'count': '77', 'syn': 'watch', 'def': 'look attentively', 'ex': 'w'}",[]
hair_drier,hold,holding,"hold, take_hold",held by hand; to have or maintain in the grasp; to attach the hand to,"{'id': 2, 'wid': 'v01216670', 'name': 'hold.v.02', 'count': '67', 'syn': 'hold take_hold', 'def': ""have or hold in one's hands or grip"", 'ex': 'H'}",[]
hair_drier,operate,operating,"operate, control",handle and cause to function,"{'id': 3, 'wid': 'v01224744', 'name': 'operate.v.03', 'count': '21', 'syn': 'operate control', 'def': 'handle and cause to function', 'ex': 'd'}",[]
hair_drier,repair,repairing,"repair, mend, fix, bushel, doctor, furbish_up, restore, touch_on",restore by replacing a part or putting together what is torn or broken,"{'id': 1, 'wid': 'v00260648', 'name': 'repair.v.01', 'count': '26', 'syn': 'repair mend fix bushel doctor furbish_up restore touch_on', 'def': 'restore by replacing a part or putting together what is torn or broken', 'ex': 'S'}",[]
hair_drier,no_interaction,no_interaction,[],[],"{'id': 1, 'wid': 'v00260648', 'name': 'repair.v.01', 'count': '26', 'syn': 'repair mend fix bushel doctor furbish_up restore touch_on', 'def': 'restore by replacing a part or putting together what is torn or broken', 'ex': 'S'}",[]
handbag,carry,carrying,"transport, carry","move while supporting, either in a vehicle or in one's hands or on one's body","{'id': 1, 'wid': 'v01449974', 'name': 'transport.v.02', 'count': '74', 'syn': 'transport carry', 'def': ""move while supporting, either in a vehicle or in one's hands or on one's body"", 'ex': 'Y'}",[]
handbag,hold,holding,"hold, take_hold",held by hand; to have or maintain in the grasp; to attach the hand to,"{'id': 2, 'wid': 'v01216670', 'name': 'hold.v.02', 'count': '67', 'syn': 'hold take_hold', 'def': ""have or hold in one's hands or grip"", 'ex': 'H'}",[]
handbag,inspect,inspecting,inspect,"to look at (something) carefully in order to learn more about it, to find problems, etc.","{'id': 1, 'wid': 'v02165543', 'name': 'inspect.v.01', 'count': '13', 'syn': 'inspect', 'def': 'look over carefully', 'ex': 'P'}",[]
handbag,no_interaction,no_interaction,[],[],"{'id': 1, 'wid': 'v02165543', 'name': 'inspect.v.01', 'count': '13', 'syn': 'inspect', 'def': 'look over carefully', 'ex': 'P'}",[]
hot_dog,carry,carrying,"transport, carry","move while supporting, either in a vehicle or in one's hands or on one's body","{'id': 1, 'wid': 'v01449974', 'name': 'transport.v.02', 'count': '74', 'syn': 'transport carry', 'def': ""move while supporting, either in a vehicle or in one's hands or on one's body"", 'ex': 'Y'}",[]
hot_dog,cook,cooking,cook,transform and make suitable for consumption by heating,"{'id': 3, 'wid': 'v00322847', 'name': 'cook.v.03', 'count': '6', 'syn': 'cook', 'def': 'transform and make suitable for consumption by heating', 'ex': 'T'}",[]
hot_dog,cut,cutting,cut,separate with or as if with an instrument,"{'id': 1, 'wid': 'v01552519', 'name': 'cut.v.01', 'count': '58', 'syn': 'cut', 'def': 'separate with or as if with an instrument', 'ex': 'C'}",[]
hot_dog,eat,eating,eat,take in solid food,"{'id': 1, 'wid': 'v01168468', 'name': 'eat.v.01', 'count': '61', 'syn': 'eat', 'def': 'take in solid food', 'ex': 'S'}",[]
hot_dog,hold,holding,"hold, take_hold",held by hand; to have or maintain in the grasp; to attach the hand to,"{'id': 2, 'wid': 'v01216670', 'name': 'hold.v.02', 'count': '67', 'syn': 'hold take_hold', 'def': ""have or hold in one's hands or grip"", 'ex': 'H'}",[]
hot_dog,make,making,"produce, make, create",create or manufacture a man-made product,"{'id': 6, 'wid': 'v01621555', 'name': 'produce.v.02', 'count': '90', 'syn': 'produce make create', 'def': 'create or manufacture a man-made product', 'ex': 'W'}",[]
hot_dog,no_interaction,no_interaction,[],[],"{'id': 6, 'wid': 'v01621555', 'name': 'produce.v.02', 'count': '90', 'syn': 'produce make create', 'def': 'create or manufacture a man-made product', 'ex': 'W'}",[]
keyboard,carry,carrying,"transport, carry","move while supporting, either in a vehicle or in one's hands or on one's body","{'id': 1, 'wid': 'v01449974', 'name': 'transport.v.02', 'count': '74', 'syn': 'transport carry', 'def': ""move while supporting, either in a vehicle or in one's hands or on one's body"", 'ex': 'Y'}",[]
keyboard,clean,cleaning,"clean, make_clean","make clean by removing dirt, filth, or unwanted substances from","{'id': 1, 'wid': 'v01532589', 'name': 'clean.v.01', 'count': '16', 'syn': 'clean make_clean', 'def': 'make clean by removing dirt, filth, or unwanted substances from', 'ex': 'C'}",[]
keyboard,hold,holding,"hold, take_hold",held by hand; to have or maintain in the grasp; to attach the hand to,"{'id': 2, 'wid': 'v01216670', 'name': 'hold.v.02', 'count': '67', 'syn': 'hold take_hold', 'def': ""have or hold in one's hands or grip"", 'ex': 'H'}",[]
keyboard,type_on,typing_on,"type, typewrite",write by means of a keyboard with types,"{'id': 1, 'wid': 'v01004692', 'name': 'type.v.01', 'count': '2', 'syn': 'type typewrite', 'def': 'write by means of a keyboard with types', 'ex': 't'}",[]
keyboard,no_interaction,no_interaction,[],[],"{'id': 1, 'wid': 'v01004692', 'name': 'type.v.01', 'count': '2', 'syn': 'type typewrite', 'def': 'write by means of a keyboard with types', 'ex': 't'}",[]
kite,assemble,assembling,"assemble, piece, put_together, set_up, tack, tack_together",create by putting components or members together,"{'id': 1, 'wid': 'v01656788', 'name': 'assemble.v.01', 'count': '29', 'syn': 'assemble piece put_together set_up tack tack_together', 'def': 'create by putting components or members together', 'ex': 'S'}",[]
kite,carry,carrying,"transport, carry","move while supporting, either in a vehicle or in one's hands or on one's body","{'id': 1, 'wid': 'v01449974', 'name': 'transport.v.02', 'count': '74', 'syn': 'transport carry', 'def': ""move while supporting, either in a vehicle or in one's hands or on one's body"", 'ex': 'Y'}",[]
kite,fly,flying,fly,cause to fly or float,"{'id': 5, 'wid': 'v01848058', 'name': 'fly.v.05', 'count': '2', 'syn': 'fly', 'def': 'cause to fly or float', 'ex': 'f'}",[]
kite,hold,holding,"hold, take_hold",held by hand; to have or maintain in the grasp; to attach the hand to,"{'id': 2, 'wid': 'v01216670', 'name': 'hold.v.02', 'count': '67', 'syn': 'hold take_hold', 'def': ""have or hold in one's hands or grip"", 'ex': 'H'}",[]
kite,inspect,inspecting,inspect,"to look at (something) carefully in order to learn more about it, to find problems, etc.","{'id': 1, 'wid': 'v02165543', 'name': 'inspect.v.01', 'count': '13', 'syn': 'inspect', 'def': 'look over carefully', 'ex': 'P'}",[]
kite,launch,launching,launch,to send or shoot (something) into the air,"{'id': 2, 'wid': 'v01514655', 'name': 'launch.v.02', 'count': '6', 'syn': 'launch', 'def': 'propel with force', 'ex': 'l'}",['hold the kite up in the air to be ready to launch it']
kite,pull,pulling,pull,apply force so as to cause motion towards the source of the motion,"{'id': 4, 'wid': 'v01609287', 'name': 'pull.v.04', 'count': '3', 'syn': 'pull', 'def': 'apply force so as to cause motion towards the source of the motion', 'ex': 'P'}",[]
kite,no_interaction,no_interaction,[],[],"{'id': 4, 'wid': 'v01609287', 'name': 'pull.v.04', 'count': '3', 'syn': 'pull', 'def': 'apply force so as to cause motion towards the source of the motion', 'ex': 'P'}",[]
knife,cut_with,cutting_with,cut,separate with or as if with an instrument,"{'id': 1, 'wid': 'v01552519', 'name': 'cut.v.01', 'count': '58', 'syn': 'cut', 'def': 'separate with or as if with an instrument', 'ex': 'C'}",[]
knife,hold,holding,"hold, take_hold",held by hand; to have or maintain in the grasp; to attach the hand to,"{'id': 2, 'wid': 'v01216670', 'name': 'hold.v.02', 'count': '67', 'syn': 'hold take_hold', 'def': ""have or hold in one's hands or grip"", 'ex': 'H'}",[]
knife,stick,sticking,stick,pierce or penetrate or puncture with something pointed,"{'id': 13, 'wid': 'v01441793', 'name': 'stick.v.13', 'count': '0', 'syn': 'stick', 'def': 'pierce or penetrate or puncture with something pointed', 'ex': 'H'}",['pierce into a something']
knife,wash,washing,"wash, rinse",clean with some chemical process,"{'id': 1, 'wid': 'v01270199', 'name': 'wash.v.01', 'count': '14', 'syn': 'wash rinse', 'def': 'clean with some chemical process', 'ex': []}",[]
knife,wield,wielding,"wield, handle, manage",handle effectively,"{'id': 2, 'wid': 'v01224415', 'name': 'wield.v.02', 'count': '3', 'syn': 'wield handle manage', 'def': 'handle effectively', 'ex': 'T'}",[]
knife,lick,licking,"lick, lap",pass the tongue over,"{'id': 2, 'wid': 'v01432176', 'name': 'lick.v.02', 'count': '8', 'syn': 'lick lap', 'def': 'pass the tongue over', 'ex': 't'}",[]
knife,no_interaction,no_interaction,[],[],"{'id': 2, 'wid': 'v01432176', 'name': 'lick.v.02', 'count': '8', 'syn': 'lick lap', 'def': 'pass the tongue over', 'ex': 't'}",[]
laptop,hold,holding,"hold, take_hold",held by hand; to have or maintain in the grasp; to attach the hand to,"{'id': 2, 'wid': 'v01216670', 'name': 'hold.v.02', 'count': '67', 'syn': 'hold take_hold', 'def': ""have or hold in one's hands or grip"", 'ex': 'H'}",[]
laptop,open,opening,"open, open_up",cause to open or to become open,"{'id': 1, 'wid': 'v01346003', 'name': 'open.v.01', 'count': '68', 'syn': 'open open_up', 'def': 'cause to open or to become open', 'ex': 'M'}",[]
laptop,read,reading,read,interpret something that is written or printed,"{'id': 1, 'wid': 'v00625119', 'name': 'read.v.01', 'count': '115', 'syn': 'read', 'def': 'interpret something that is written or printed', 'ex': 'r'}",[]
laptop,repair,repairing,"repair, mend, fix, bushel, doctor, furbish_up, restore, touch_on",restore by replacing a part or putting together what is torn or broken,"{'id': 1, 'wid': 'v00260648', 'name': 'repair.v.01', 'count': '26', 'syn': 'repair mend fix bushel doctor furbish_up restore touch_on', 'def': 'restore by replacing a part or putting together what is torn or broken', 'ex': 'S'}",[]
laptop,type_on,typing_on,"type, typewrite",write by means of a keyboard with types,"{'id': 1, 'wid': 'v01004692', 'name': 'type.v.01', 'count': '2', 'syn': 'type typewrite', 'def': 'write by means of a keyboard with types', 'ex': 't'}",[]
laptop,no_interaction,no_interaction,[],[],"{'id': 1, 'wid': 'v01004692', 'name': 'type.v.01', 'count': '2', 'syn': 'type typewrite', 'def': 'write by means of a keyboard with types', 'ex': 't'}",[]
microwave,clean,cleaning,"clean, make_clean","make clean by removing dirt, filth, or unwanted substances from","{'id': 1, 'wid': 'v01532589', 'name': 'clean.v.01', 'count': '16', 'syn': 'clean make_clean', 'def': 'make clean by removing dirt, filth, or unwanted substances from', 'ex': 'C'}",[]
microwave,open,opening,"open, open_up",cause to open or to become open,"{'id': 1, 'wid': 'v01346003', 'name': 'open.v.01', 'count': '68', 'syn': 'open open_up', 'def': 'cause to open or to become open', 'ex': 'M'}",[]
microwave,operate,operating,"operate, control",handle and cause to function,"{'id': 3, 'wid': 'v01224744', 'name': 'operate.v.03', 'count': '21', 'syn': 'operate control', 'def': 'handle and cause to function', 'ex': 'd'}",[]
microwave,no_interaction,no_interaction,[],[],"{'id': 3, 'wid': 'v01224744', 'name': 'operate.v.03', 'count': '21', 'syn': 'operate control', 'def': 'handle and cause to function', 'ex': 'd'}",[]
mouse,control,controling,"operate, control",handle and cause to function,"{'id': 3, 'wid': 'v01224744', 'name': 'operate.v.03', 'count': '21', 'syn': 'operate control', 'def': 'handle and cause to function', 'ex': 'd'}",[]
mouse,hold,holding,"hold, take_hold",held by hand; to have or maintain in the grasp; to attach the hand to,"{'id': 2, 'wid': 'v01216670', 'name': 'hold.v.02', 'count': '67', 'syn': 'hold take_hold', 'def': ""have or hold in one's hands or grip"", 'ex': 'H'}",[]
mouse,repair,repairing,"repair, mend, fix, bushel, doctor, furbish_up, restore, touch_on",restore by replacing a part or putting together what is torn or broken,"{'id': 1, 'wid': 'v00260648', 'name': 'repair.v.01', 'count': '26', 'syn': 'repair mend fix bushel doctor furbish_up restore touch_on', 'def': 'restore by replacing a part or putting together what is torn or broken', 'ex': 'S'}",[]
mouse,no_interaction,no_interaction,[],[],"{'id': 1, 'wid': 'v00260648', 'name': 'repair.v.01', 'count': '26', 'syn': 'repair mend fix bushel doctor furbish_up restore touch_on', 'def': 'restore by replacing a part or putting together what is torn or broken', 'ex': 'S'}",[]
orange,buy,buying,"buy, purchase",obtain by purchase; acquire by means of a financial transaction,"{'id': 1, 'wid': 'v02207206', 'name': 'buy.v.01', 'count': '136', 'syn': 'buy purchase', 'def': 'obtain by purchase; acquire by means of a financial transaction', 'ex': 'T'}",[]
orange,cut,cutting,cut,separate with or as if with an instrument,"{'id': 1, 'wid': 'v01552519', 'name': 'cut.v.01', 'count': '58', 'syn': 'cut', 'def': 'separate with or as if with an instrument', 'ex': 'C'}",[]
orange,eat,eating,eat,take in solid food,"{'id': 1, 'wid': 'v01168468', 'name': 'eat.v.01', 'count': '61', 'syn': 'eat', 'def': 'take in solid food', 'ex': 'S'}",[]
orange,hold,holding,"hold, take_hold",held by hand; to have or maintain in the grasp; to attach the hand to,"{'id': 2, 'wid': 'v01216670', 'name': 'hold.v.02', 'count': '67', 'syn': 'hold take_hold', 'def': ""have or hold in one's hands or grip"", 'ex': 'H'}",[]
orange,inspect,inspecting,inspect,"to look at (something) carefully in order to learn more about it, to find problems, etc.","{'id': 1, 'wid': 'v02165543', 'name': 'inspect.v.01', 'count': '13', 'syn': 'inspect', 'def': 'look over carefully', 'ex': 'P'}",['should have a person looking at the orange']
orange,peel,peeling,"skin, peel, pare",strip the skin off,"{'id': 1, 'wid': 'v01262936', 'name': 'skin.v.04', 'count': '3', 'syn': 'skin peel pare', 'def': 'strip the skin off', 'ex': 'p'}",[]
orange,pick,picking,"pick, pluck, cull",look for and gather,"{'id': 2, 'wid': 'v01382083', 'name': 'pick.v.02', 'count': '4', 'syn': 'pick pluck cull', 'def': 'look for and gather', 'ex': 'p'}",['picking orange from a tree']
orange,squeeze,squeezing,squeeze,press firmly,"{'id': 2, 'wid': 'v01447868', 'name': 'squeeze.v.02', 'count': '6', 'syn': 'squeeze', 'def': 'press firmly', 'ex': 'H'}",[]
orange,wash,washing,"wash, rinse",clean with some chemical process,"{'id': 1, 'wid': 'v01270199', 'name': 'wash.v.01', 'count': '14', 'syn': 'wash rinse', 'def': 'clean with some chemical process', 'ex': []}",[]
orange,no_interaction,no_interaction,[],[],"{'id': 1, 'wid': 'v01270199', 'name': 'wash.v.01', 'count': '14', 'syn': 'wash rinse', 'def': 'clean with some chemical process', 'ex': []}",[]
oven,clean,cleaning,"clean, make_clean","make clean by removing dirt, filth, or unwanted substances from","{'id': 1, 'wid': 'v01532589', 'name': 'clean.v.01', 'count': '16', 'syn': 'clean make_clean', 'def': 'make clean by removing dirt, filth, or unwanted substances from', 'ex': 'C'}",[]
oven,hold,holding,"hold, take_hold",held by hand; to have or maintain in the grasp; to attach the hand to,"{'id': 2, 'wid': 'v01216670', 'name': 'hold.v.02', 'count': '67', 'syn': 'hold take_hold', 'def': ""have or hold in one's hands or grip"", 'ex': 'H'}",[]
oven,inspect,inspecting,inspect,"to look at (something) carefully in order to learn more about it, to find problems, etc.","{'id': 1, 'wid': 'v02165543', 'name': 'inspect.v.01', 'count': '13', 'syn': 'inspect', 'def': 'look over carefully', 'ex': 'P'}",[]
oven,open,opening,"open, open_up",cause to open or to become open,"{'id': 1, 'wid': 'v01346003', 'name': 'open.v.01', 'count': '68', 'syn': 'open open_up', 'def': 'cause to open or to become open', 'ex': 'M'}","[""should have a person holding oven's door""]"
oven,repair,repairing,"repair, mend, fix, bushel, doctor, furbish_up, restore, touch_on",restore by replacing a part or putting together what is torn or broken,"{'id': 1, 'wid': 'v00260648', 'name': 'repair.v.01', 'count': '26', 'syn': 'repair mend fix bushel doctor furbish_up restore touch_on', 'def': 'restore by replacing a part or putting together what is torn or broken', 'ex': 'S'}",[]
oven,operate,operating,"operate, control",handle and cause to function,"{'id': 3, 'wid': 'v01224744', 'name': 'operate.v.03', 'count': '21', 'syn': 'operate control', 'def': 'handle and cause to function', 'ex': 'd'}",[]
oven,no_interaction,no_interaction,[],[],"{'id': 3, 'wid': 'v01224744', 'name': 'operate.v.03', 'count': '21', 'syn': 'operate control', 'def': 'handle and cause to function', 'ex': 'd'}",[]
parking_meter,check,checking,"determine, check, find_out, see, ascertain, watch, learn","find out, learn, or determine with certainty, usually by making an inquiry or other effort","{'id': 21, 'wid': 'v00920336', 'name': 'determine.v.08', 'count': '28', 'syn': 'determine check find_out see ascertain watch learn', 'def': 'find out, learn, or determine with certainty, usually by making an inquiry or other effort', 'ex': 'I'}",[]
parking_meter,pay,paying,pay,"give money, usually in exchange for goods or services","{'id': 1, 'wid': 'v02251743', 'name': 'pay.v.01', 'count': '138', 'syn': 'pay', 'def': 'give money, usually in exchange for goods or services', 'ex': 'I'}",[]
parking_meter,repair,repairing,"repair, mend, fix, bushel, doctor, furbish_up, restore, touch_on",restore by replacing a part or putting together what is torn or broken,"{'id': 1, 'wid': 'v00260648', 'name': 'repair.v.01', 'count': '26', 'syn': 'repair mend fix bushel doctor furbish_up restore touch_on', 'def': 'restore by replacing a part or putting together what is torn or broken', 'ex': 'S'}",[]
parking_meter,no_interaction,no_interaction,[],[],"{'id': 1, 'wid': 'v00260648', 'name': 'repair.v.01', 'count': '26', 'syn': 'repair mend fix bushel doctor furbish_up restore touch_on', 'def': 'restore by replacing a part or putting together what is torn or broken', 'ex': 'S'}",[]
pizza,buy,buying,"buy, purchase",obtain by purchase; acquire by means of a financial transaction,"{'id': 1, 'wid': 'v02207206', 'name': 'buy.v.01', 'count': '136', 'syn': 'buy purchase', 'def': 'obtain by purchase; acquire by means of a financial transaction', 'ex': 'T'}",[]
pizza,carry,carrying,"transport, carry","move while supporting, either in a vehicle or in one's hands or on one's body","{'id': 1, 'wid': 'v01449974', 'name': 'transport.v.02', 'count': '74', 'syn': 'transport carry', 'def': ""move while supporting, either in a vehicle or in one's hands or on one's body"", 'ex': 'Y'}",[]
pizza,cook,cooking,cook,transform and make suitable for consumption by heating,"{'id': 3, 'wid': 'v00322847', 'name': 'cook.v.03', 'count': '6', 'syn': 'cook', 'def': 'transform and make suitable for consumption by heating', 'ex': 'T'}",[]
pizza,cut,cutting,cut,separate with or as if with an instrument,"{'id': 1, 'wid': 'v01552519', 'name': 'cut.v.01', 'count': '58', 'syn': 'cut', 'def': 'separate with or as if with an instrument', 'ex': 'C'}",[]
pizza,eat,eating,eat,take in solid food,"{'id': 1, 'wid': 'v01168468', 'name': 'eat.v.01', 'count': '61', 'syn': 'eat', 'def': 'take in solid food', 'ex': 'S'}",[]
pizza,hold,holding,"hold, take_hold",held by hand; to have or maintain in the grasp; to attach the hand to,"{'id': 2, 'wid': 'v01216670', 'name': 'hold.v.02', 'count': '67', 'syn': 'hold take_hold', 'def': ""have or hold in one's hands or grip"", 'ex': 'H'}",[]
pizza,make,making,"produce, make, create",create or manufacture a man-made product,"{'id': 6, 'wid': 'v01621555', 'name': 'produce.v.02', 'count': '90', 'syn': 'produce make create', 'def': 'create or manufacture a man-made product', 'ex': 'W'}",[]
pizza,pick_up,picking_up,pick_up,take up by hand,"{'id': 2, 'wid': 'v01207402', 'name': 'pick_up.v.02', 'count': '19', 'syn': 'pick_up', 'def': 'take up by hand', 'ex': 'H'}",['picking up one slice of pizze from a whole round pizza']
pizza,slide,sliding,slide,move smoothly along a surface,"{'id': 3, 'wid': 'v02090990', 'name': 'slide.v.03', 'count': '3', 'syn': 'slide', 'def': 'move smoothly along a surface', 'ex': 'H'}",[]
pizza,smell,smelling,smell,inhale the odor of; perceive by the olfactory sense,"{'id': 1, 'wid': 'v02124748', 'name': 'smell.v.01', 'count': '14', 'syn': 'smell', 'def': 'inhale the odor of; perceive by the olfactory sense', 'ex': []}",['should have a smelling expression']
pizza,no_interaction,no_interaction,[],[],"{'id': 1, 'wid': 'v02124748', 'name': 'smell.v.01', 'count': '14', 'syn': 'smell', 'def': 'inhale the odor of; perceive by the olfactory sense', 'ex': []}",[]
refrigerator,clean,cleaning,"clean, make_clean","make clean by removing dirt, filth, or unwanted substances from","{'id': 1, 'wid': 'v01532589', 'name': 'clean.v.01', 'count': '16', 'syn': 'clean make_clean', 'def': 'make clean by removing dirt, filth, or unwanted substances from', 'ex': 'C'}",[]
refrigerator,hold,holding,"hold, take_hold",held by hand; to have or maintain in the grasp; to attach the hand to,"{'id': 2, 'wid': 'v01216670', 'name': 'hold.v.02', 'count': '67', 'syn': 'hold take_hold', 'def': ""have or hold in one's hands or grip"", 'ex': 'H'}",[]
refrigerator,move,moving,"move, displace","cause to move or shift into a new position or place, both in a concrete and in an abstract sense","{'id': 2, 'wid': 'v01850315', 'name': 'move.v.02', 'count': '57', 'syn': 'move displace', 'def': 'cause to move or shift into a new position or place, both in a concrete and in an abstract sense', 'ex': 'M'}",[]
refrigerator,open,opening,"open, open_up",cause to open or to become open,"{'id': 1, 'wid': 'v01346003', 'name': 'open.v.01', 'count': '68', 'syn': 'open open_up', 'def': 'cause to open or to become open', 'ex': 'M'}",[]
refrigerator,no_interaction,no_interaction,[],[],"{'id': 1, 'wid': 'v01346003', 'name': 'open.v.01', 'count': '68', 'syn': 'open open_up', 'def': 'cause to open or to become open', 'ex': 'M'}",[]
remote,hold,holding,"hold, take_hold",held by hand; to have or maintain in the grasp; to attach the hand to,"{'id': 2, 'wid': 'v01216670', 'name': 'hold.v.02', 'count': '67', 'syn': 'hold take_hold', 'def': ""have or hold in one's hands or grip"", 'ex': 'H'}",[]
remote,point,pointing,"charge, level, point",direct into a position for use,"{'id': 3, 'wid': 'v01152214', 'name': 'charge.v.17', 'count': '8', 'syn': 'charge level point', 'def': 'direct into a position for use', 'ex': 'p'}","['should point the remote to something, for instance, tv']"
remote,swing,swinging,swing,"move in a curve or arc, usually with the intent of hitting","{'id': 1, 'wid': 'v02087745', 'name': 'swing.v.01', 'count': '35', 'syn': 'swing', 'def': 'move in a curve or arc, usually with the intent of hitting', 'ex': 'H'}",['happen mostly while play video games']
remote,no_interaction,no_interaction,[],[],"{'id': 1, 'wid': 'v02087745', 'name': 'swing.v.01', 'count': '35', 'syn': 'swing', 'def': 'move in a curve or arc, usually with the intent of hitting', 'ex': 'H'}",[]
sandwich,carry,carrying,"transport, carry","move while supporting, either in a vehicle or in one's hands or on one's body","{'id': 1, 'wid': 'v01449974', 'name': 'transport.v.02', 'count': '74', 'syn': 'transport carry', 'def': ""move while supporting, either in a vehicle or in one's hands or on one's body"", 'ex': 'Y'}",[]
sandwich,cook,cooking,cook,transform and make suitable for consumption by heating,"{'id': 3, 'wid': 'v00322847', 'name': 'cook.v.03', 'count': '6', 'syn': 'cook', 'def': 'transform and make suitable for consumption by heating', 'ex': 'T'}",[]
sandwich,cut,cutting,cut,separate with or as if with an instrument,"{'id': 1, 'wid': 'v01552519', 'name': 'cut.v.01', 'count': '58', 'syn': 'cut', 'def': 'separate with or as if with an instrument', 'ex': 'C'}",[]
sandwich,eat,eating,eat,take in solid food,"{'id': 1, 'wid': 'v01168468', 'name': 'eat.v.01', 'count': '61', 'syn': 'eat', 'def': 'take in solid food', 'ex': 'S'}",[]
sandwich,hold,holding,"hold, take_hold",held by hand; to have or maintain in the grasp; to attach the hand to,"{'id': 2, 'wid': 'v01216670', 'name': 'hold.v.02', 'count': '67', 'syn': 'hold take_hold', 'def': ""have or hold in one's hands or grip"", 'ex': 'H'}",[]
sandwich,make,making,"produce, make, create",create or manufacture a man-made product,"{'id': 6, 'wid': 'v01621555', 'name': 'produce.v.02', 'count': '90', 'syn': 'produce make create', 'def': 'create or manufacture a man-made product', 'ex': 'W'}",['making sandwich the with breads and other ingredients']
sandwich,no_interaction,no_interaction,[],[],"{'id': 6, 'wid': 'v01621555', 'name': 'produce.v.02', 'count': '90', 'syn': 'produce make create', 'def': 'create or manufacture a man-made product', 'ex': 'W'}",[]
scissors,cut_with,cutting_with,cut,separate with or as if with an instrument,"{'id': 1, 'wid': 'v01552519', 'name': 'cut.v.01', 'count': '58', 'syn': 'cut', 'def': 'separate with or as if with an instrument', 'ex': 'C'}",[]
scissors,hold,holding,"hold, take_hold",held by hand; to have or maintain in the grasp; to attach the hand to,"{'id': 2, 'wid': 'v01216670', 'name': 'hold.v.02', 'count': '67', 'syn': 'hold take_hold', 'def': ""have or hold in one's hands or grip"", 'ex': 'H'}",[]
scissors,open,opening,"open, open_up",cause to open or to become open,"{'id': 1, 'wid': 'v01346003', 'name': 'open.v.01', 'count': '68', 'syn': 'open open_up', 'def': 'cause to open or to become open', 'ex': 'M'}",[]
scissors,no_interaction,no_interaction,[],[],"{'id': 1, 'wid': 'v01346003', 'name': 'open.v.01', 'count': '68', 'syn': 'open open_up', 'def': 'cause to open or to become open', 'ex': 'M'}",[]
sink,clean,cleaning,"clean, make_clean","make clean by removing dirt, filth, or unwanted substances from","{'id': 1, 'wid': 'v01532589', 'name': 'clean.v.01', 'count': '16', 'syn': 'clean make_clean', 'def': 'make clean by removing dirt, filth, or unwanted substances from', 'ex': 'C'}",[]
sink,repair,repairing,"repair, mend, fix, bushel, doctor, furbish_up, restore, touch_on",restore by replacing a part or putting together what is torn or broken,"{'id': 1, 'wid': 'v00260648', 'name': 'repair.v.01', 'count': '26', 'syn': 'repair mend fix bushel doctor furbish_up restore touch_on', 'def': 'restore by replacing a part or putting together what is torn or broken', 'ex': 'S'}",[]
sink,wash,washing,"wash, rinse",clean with some chemical process,"{'id': 1, 'wid': 'v01270199', 'name': 'wash.v.01', 'count': '14', 'syn': 'wash rinse', 'def': 'clean with some chemical process', 'ex': []}",[]
sink,no_interaction,no_interaction,[],[],"{'id': 1, 'wid': 'v01270199', 'name': 'wash.v.01', 'count': '14', 'syn': 'wash rinse', 'def': 'clean with some chemical process', 'ex': []}",[]
skateboard,carry,carrying,"transport, carry","move while supporting, either in a vehicle or in one's hands or on one's body","{'id': 1, 'wid': 'v01449974', 'name': 'transport.v.02', 'count': '74', 'syn': 'transport carry', 'def': ""move while supporting, either in a vehicle or in one's hands or on one's body"", 'ex': 'Y'}",[]
skateboard,flip,flipping,"flip, twitch",toss with a sharp movement so as to cause to turn over in the air,"{'id': 4, 'wid': 'v01893601', 'name': 'flip.v.04', 'count': '0', 'syn': 'flip twitch', 'def': 'toss with a sharp movement so as to cause to turn over in the air', 'ex': []}",[]
skateboard,grind,grinding,"grate, grind",make a grating or grinding sound by rubbing together,"{'id': 2, 'wid': 'v01394464', 'name': 'grate.v.04', 'count': '3', 'syn': 'grate grind', 'def': 'make a grating or grinding sound by rubbing together', 'ex': 'g'}",[]
skateboard,hold,holding,"hold, take_hold",held by hand; to have or maintain in the grasp; to attach the hand to,"{'id': 2, 'wid': 'v01216670', 'name': 'hold.v.02', 'count': '67', 'syn': 'hold take_hold', 'def': ""have or hold in one's hands or grip"", 'ex': 'H'}",[]
skateboard,jump,jumping,"jump, leap",cause to jump or leap,"{'id': 11, 'wid': 'v01965156', 'name': 'jump.v.11', 'count': '0', 'syn': 'jump leap', 'def': 'cause to jump or leap', 'ex': 't'}",[]
skateboard,pick_up,picking_up,pick_up,take up by hand,"{'id': 2, 'wid': 'v01207402', 'name': 'pick_up.v.02', 'count': '19', 'syn': 'pick_up', 'def': 'take up by hand', 'ex': 'H'}",['holding the skateboard up so the wheels are not touching the ground; should not ride on it']
skateboard,ride,riding,ride,be carried or travel on or in a vehicle,"{'id': 2, 'wid': 'v01955984', 'name': 'ride.v.02', 'count': '30', 'syn': 'ride', 'def': 'be carried or travel on or in a vehicle', 'ex': 'I'}",[]
skateboard,sit_on,sitting_on,"sit, sit_down",be seated,"{'id': 1, 'wid': 'v01543123', 'name': 'sit.v.01', 'count': '135', 'syn': 'sit sit_down', 'def': 'be seated', 'ex': []}",[]
skateboard,stand_on,standing_on,"stand, stand_up",be standing; be upright,"{'id': 1, 'wid': 'v01546111', 'name': 'stand.v.01', 'count': '171', 'syn': 'stand stand_up', 'def': 'be standing; be upright', 'ex': 'W'}",[]
skateboard,no_interaction,no_interaction,[],[],"{'id': 1, 'wid': 'v01546111', 'name': 'stand.v.01', 'count': '171', 'syn': 'stand stand_up', 'def': 'be standing; be upright', 'ex': 'W'}",[]
skis,adjust,adjusting,adjust,make correspondent or conformable,"{'id': 4, 'wid': 'v00298067', 'name': 'adjust.v.04', 'count': '2', 'syn': 'adjust', 'def': 'make correspondent or conformable', 'ex': 'A'}",[]
skis,carry,carrying,"transport, carry","move while supporting, either in a vehicle or in one's hands or on one's body","{'id': 1, 'wid': 'v01449974', 'name': 'transport.v.02', 'count': '74', 'syn': 'transport carry', 'def': ""move while supporting, either in a vehicle or in one's hands or on one's body"", 'ex': 'Y'}",[]
skis,hold,holding,"hold, take_hold",held by hand; to have or maintain in the grasp; to attach the hand to,"{'id': 2, 'wid': 'v01216670', 'name': 'hold.v.02', 'count': '67', 'syn': 'hold take_hold', 'def': ""have or hold in one's hands or grip"", 'ex': 'H'}",[]
skis,inspect,inspecting,inspect,"to look at (something) carefully in order to learn more about it, to find problems, etc.","{'id': 1, 'wid': 'v02165543', 'name': 'inspect.v.01', 'count': '13', 'syn': 'inspect', 'def': 'look over carefully', 'ex': 'P'}",[]
skis,jump,jumping,"jump, leap",cause to jump or leap,"{'id': 11, 'wid': 'v01965156', 'name': 'jump.v.11', 'count': '0', 'syn': 'jump leap', 'def': 'cause to jump or leap', 'ex': 't'}",[]
skis,pick_up,picking_up,pick_up,take up by hand,"{'id': 2, 'wid': 'v01207402', 'name': 'pick_up.v.02', 'count': '19', 'syn': 'pick_up', 'def': 'take up by hand', 'ex': 'H'}",['definition: holding the ski (skis) so it is not lying on the ground or leaning on something']
skis,repair,repairing,"repair, mend, fix, bushel, doctor, furbish_up, restore, touch_on",restore by replacing a part or putting together what is torn or broken,"{'id': 1, 'wid': 'v00260648', 'name': 'repair.v.01', 'count': '26', 'syn': 'repair mend fix bushel doctor furbish_up restore touch_on', 'def': 'restore by replacing a part or putting together what is torn or broken', 'ex': 'S'}",[]
skis,ride,riding,ride,be carried or travel on or in a vehicle,"{'id': 2, 'wid': 'v01955984', 'name': 'ride.v.02', 'count': '30', 'syn': 'ride', 'def': 'be carried or travel on or in a vehicle', 'ex': 'I'}",[]
skis,stand_on,standing_on,"stand, stand_up",be standing; be upright,"{'id': 1, 'wid': 'v01546111', 'name': 'stand.v.01', 'count': '171', 'syn': 'stand stand_up', 'def': 'be standing; be upright', 'ex': 'W'}",[]
skis,wear,wearing,"wear, bear",have on one's person,"{'id': 2, 'wid': 'v00047745', 'name': 'wear.v.02', 'count': '23', 'syn': 'wear bear', 'def': ""have on one's person"", 'ex': 'H'}",[]
skis,no_interaction,no_interaction,[],[],"{'id': 2, 'wid': 'v00047745', 'name': 'wear.v.02', 'count': '23', 'syn': 'wear bear', 'def': ""have on one's person"", 'ex': 'H'}",[]
snowboard,adjust,adjusting,adjust,make correspondent or conformable,"{'id': 4, 'wid': 'v00298067', 'name': 'adjust.v.04', 'count': '2', 'syn': 'adjust', 'def': 'make correspondent or conformable', 'ex': 'A'}",[]
snowboard,carry,carrying,"transport, carry","move while supporting, either in a vehicle or in one's hands or on one's body","{'id': 1, 'wid': 'v01449974', 'name': 'transport.v.02', 'count': '74', 'syn': 'transport carry', 'def': ""move while supporting, either in a vehicle or in one's hands or on one's body"", 'ex': 'Y'}",[]
snowboard,grind,grinding,"grate, grind",make a grating or grinding sound by rubbing together,"{'id': 2, 'wid': 'v01394464', 'name': 'grate.v.04', 'count': '3', 'syn': 'grate grind', 'def': 'make a grating or grinding sound by rubbing together', 'ex': 'g'}",[]
snowboard,hold,holding,"hold, take_hold",held by hand; to have or maintain in the grasp; to attach the hand to,"{'id': 2, 'wid': 'v01216670', 'name': 'hold.v.02', 'count': '67', 'syn': 'hold take_hold', 'def': ""have or hold in one's hands or grip"", 'ex': 'H'}",[]
snowboard,jump,jumping,"jump, leap",cause to jump or leap,"{'id': 11, 'wid': 'v01965156', 'name': 'jump.v.11', 'count': '0', 'syn': 'jump leap', 'def': 'cause to jump or leap', 'ex': 't'}",[]
snowboard,ride,riding,ride,be carried or travel on or in a vehicle,"{'id': 2, 'wid': 'v01955984', 'name': 'ride.v.02', 'count': '30', 'syn': 'ride', 'def': 'be carried or travel on or in a vehicle', 'ex': 'I'}",[]
snowboard,stand_on,standing_on,"stand, stand_up",be standing; be upright,"{'id': 1, 'wid': 'v01546111', 'name': 'stand.v.01', 'count': '171', 'syn': 'stand stand_up', 'def': 'be standing; be upright', 'ex': 'W'}",[]
snowboard,wear,wearing,"wear, bear",have on one's person,"{'id': 2, 'wid': 'v00047745', 'name': 'wear.v.02', 'count': '23', 'syn': 'wear bear', 'def': ""have on one's person"", 'ex': 'H'}",[]
snowboard,no_interaction,no_interaction,[],[],"{'id': 2, 'wid': 'v00047745', 'name': 'wear.v.02', 'count': '23', 'syn': 'wear bear', 'def': ""have on one's person"", 'ex': 'H'}",[]
spoon,hold,holding,"hold, take_hold",held by hand; to have or maintain in the grasp; to attach the hand to,"{'id': 2, 'wid': 'v01216670', 'name': 'hold.v.02', 'count': '67', 'syn': 'hold take_hold', 'def': ""have or hold in one's hands or grip"", 'ex': 'H'}",[]
spoon,lick,licking,"lick, lap",pass the tongue over,"{'id': 2, 'wid': 'v01432176', 'name': 'lick.v.02', 'count': '8', 'syn': 'lick lap', 'def': 'pass the tongue over', 'ex': 't'}",[]
spoon,wash,washing,"wash, rinse",clean with some chemical process,"{'id': 1, 'wid': 'v01270199', 'name': 'wash.v.01', 'count': '14', 'syn': 'wash rinse', 'def': 'clean with some chemical process', 'ex': []}",[]
spoon,sip,sipping,sip,drink in sips,"{'id': 1, 'wid': 'v01170687', 'name': 'sip.v.01', 'count': '7', 'syn': 'sip', 'def': 'drink in sips', 'ex': 'S'}",[]
spoon,no_interaction,no_interaction,[],[],"{'id': 1, 'wid': 'v01170687', 'name': 'sip.v.01', 'count': '7', 'syn': 'sip', 'def': 'drink in sips', 'ex': 'S'}",[]
sports_ball,block,blocking,"parry, block, deflect",impede the movement of (an opponent or a ball),"{'id': 12, 'wid': 'v01147060', 'name': 'parry.v.01', 'count': '1', 'syn': 'parry block deflect', 'def': 'impede the movement of (an opponent or a ball)', 'ex': 'b'}",['should clearly have a person extending his body to block another person (with a ball)']
sports_ball,carry,carrying,"transport, carry","move while supporting, either in a vehicle or in one's hands or on one's body","{'id': 1, 'wid': 'v01449974', 'name': 'transport.v.02', 'count': '74', 'syn': 'transport carry', 'def': ""move while supporting, either in a vehicle or in one's hands or on one's body"", 'ex': 'Y'}",[]
sports_ball,catch,catching,"catch, grab, take_hold_of",take hold of so as to seize or restrain or stop the motion of,"{'id': 4, 'wid': 'v01439190', 'name': 'catch.v.04', 'count': '36', 'syn': 'catch grab take_hold_of', 'def': 'take hold of so as to seize or restrain or stop the motion of', 'ex': 'C'}",[]
sports_ball,dribble,dribbling,"dribble, carry","propel, ""Carry the ball""","{'id': 3, 'wid': 'v01408760', 'name': 'dribble.v.03', 'count': '1', 'syn': 'dribble carry', 'def': 'propel, ""Carry the ball""', 'ex': 'd'}",[]
sports_ball,hit,hitting,hit,cause to move by striking,"{'id': 1, 'wid': 'v01405044', 'name': 'hit.v.01', 'count': '25', 'syn': 'hit', 'def': 'cause to move by striking', 'ex': 'h'}",[]
sports_ball,hold,holding,"hold, take_hold",held by hand; to have or maintain in the grasp; to attach the hand to,"{'id': 2, 'wid': 'v01216670', 'name': 'hold.v.02', 'count': '67', 'syn': 'hold take_hold', 'def': ""have or hold in one's hands or grip"", 'ex': 'H'}",[]
sports_ball,inspect,inspecting,inspect,"to look at (something) carefully in order to learn more about it, to find problems, etc.","{'id': 1, 'wid': 'v02165543', 'name': 'inspect.v.01', 'count': '13', 'syn': 'inspect', 'def': 'look over carefully', 'ex': 'P'}",['should have a person holding and looking at the ball']
sports_ball,kick,kicking,kick,drive or propel with the foot,"{'id': 1, 'wid': 'v01371756', 'name': 'kick.v.01', 'count': '11', 'syn': 'kick', 'def': 'drive or propel with the foot', 'ex': []}",[]
sports_ball,pick_up,picking_up,pick_up,take up by hand,"{'id': 2, 'wid': 'v01207402', 'name': 'pick_up.v.02', 'count': '19', 'syn': 'pick_up', 'def': 'take up by hand', 'ex': 'H'}",[]
sports_ball,serve,serving,serve,put the ball into play,"{'id': 15, 'wid': 'v01077568', 'name': 'serve.v.15', 'count': '0', 'syn': 'serve', 'def': 'put the ball into play', 'ex': 'I'}",[]
sports_ball,sign,signing,"sign, subscribe",mark with one's signature; write one's name (on),"{'id': 1, 'wid': 'v00996485', 'name': 'sign.v.01', 'count': '17', 'syn': 'sign subscribe', 'def': ""mark with one's signature; write one's name (on)"", 'ex': 'S'}",[]
sports_ball,spin,spining,"whirl, birl, spin, twirl",cause to spin,"{'id': 3, 'wid': 'v02048051', 'name': 'whirl.v.02', 'count': '3', 'syn': 'whirl birl spin twirl', 'def': 'cause to spin', 'ex': 's'}",[]
sports_ball,throw,throwing,throw,propel through the air,"{'id': 1, 'wid': 'v01508368', 'name': 'throw.v.01', 'count': '53', 'syn': 'throw', 'def': 'propel through the air', 'ex': 't'}",[]
sports_ball,no_interaction,no_interaction,[],[],"{'id': 1, 'wid': 'v01508368', 'name': 'throw.v.01', 'count': '53', 'syn': 'throw', 'def': 'propel through the air', 'ex': 't'}",[]
stop_sign,hold,holding,"hold, take_hold",held by hand; to have or maintain in the grasp; to attach the hand to,"{'id': 2, 'wid': 'v01216670', 'name': 'hold.v.02', 'count': '67', 'syn': 'hold take_hold', 'def': ""have or hold in one's hands or grip"", 'ex': 'H'}",[]
stop_sign,stand_under,standing_under,"stand, stand_up",be standing; be upright,"{'id': 1, 'wid': 'v01546111', 'name': 'stand.v.01', 'count': '171', 'syn': 'stand stand_up', 'def': 'be standing; be upright', 'ex': 'W'}",[]
stop_sign,stop_at,stopping_at,"stop, halt","come to a halt, stop moving","{'id': 1, 'wid': 'v01860795', 'name': 'stop.v.01', 'count': '64', 'syn': 'stop halt', 'def': 'come to a halt, stop moving', 'ex': 't'}",[]
stop_sign,no_interaction,no_interaction,[],[],"{'id': 1, 'wid': 'v01860795', 'name': 'stop.v.01', 'count': '64', 'syn': 'stop halt', 'def': 'come to a halt, stop moving', 'ex': 't'}",[]
suitcase,carry,carrying,"transport, carry","move while supporting, either in a vehicle or in one's hands or on one's body","{'id': 1, 'wid': 'v01449974', 'name': 'transport.v.02', 'count': '74', 'syn': 'transport carry', 'def': ""move while supporting, either in a vehicle or in one's hands or on one's body"", 'ex': 'Y'}",[]
suitcase,drag,dragging,drag,"pull, as against a resistance","{'id': 1, 'wid': 'v01453433', 'name': 'drag.v.01', 'count': '16', 'syn': 'drag', 'def': 'pull, as against a resistance', 'ex': 'H'}",[]
suitcase,hold,holding,"hold, take_hold",held by hand; to have or maintain in the grasp; to attach the hand to,"{'id': 2, 'wid': 'v01216670', 'name': 'hold.v.02', 'count': '67', 'syn': 'hold take_hold', 'def': ""have or hold in one's hands or grip"", 'ex': 'H'}",[]
suitcase,hug,hugging,"embrace, hug, bosom, squeeze","squeeze (someone) tightly in your arms, usually with fondness","{'id': 1, 'wid': 'v01424456', 'name': 'embrace.v.02', 'count': '9', 'syn': 'embrace hug bosom squeeze', 'def': 'squeeze (someone) tightly in your arms, usually with fondness', 'ex': 'H'}",[]
suitcase,load,loading,load,(a person/worker) put (the target object) on a structure or conveyance,"{'id': 4, 'wid': 'v01612084', 'name': 'load.v.04', 'count': '0', 'syn': 'load', 'def': 'put (something) on a structure or conveyance', 'ex': 'l'}",['load the suitcase on to something']
suitcase,open,opening,"open, open_up",cause to open or to become open,"{'id': 1, 'wid': 'v01346003', 'name': 'open.v.01', 'count': '68', 'syn': 'open open_up', 'def': 'cause to open or to become open', 'ex': 'M'}",[]
suitcase,pack,packing,pack,arrange in a container,"{'id': 1, 'wid': 'v01482449', 'name': 'pack.v.01', 'count': '11', 'syn': 'pack', 'def': 'arrange in a container', 'ex': 'p'}",[]
suitcase,pick_up,picking_up,pick_up,take up by hand,"{'id': 2, 'wid': 'v01207402', 'name': 'pick_up.v.02', 'count': '19', 'syn': 'pick_up', 'def': 'take up by hand', 'ex': 'H'}",['holding up the suitcase so it is not touching the ground']
suitcase,zip,zipping,"zip_up, zipper, zip",close with a zipper,"{'id': 1, 'wid': 'v01353670', 'name': 'zip_up.v.01', 'count': '1', 'syn': 'zip_up zipper zip', 'def': 'close with a zipper', 'ex': 'Z'}",[]
suitcase,no_interaction,no_interaction,[],[],"{'id': 1, 'wid': 'v01353670', 'name': 'zip_up.v.01', 'count': '1', 'syn': 'zip_up zipper zip', 'def': 'close with a zipper', 'ex': 'Z'}",[]
surfboard,carry,carrying,"transport, carry","move while supporting, either in a vehicle or in one's hands or on one's body","{'id': 1, 'wid': 'v01449974', 'name': 'transport.v.02', 'count': '74', 'syn': 'transport carry', 'def': ""move while supporting, either in a vehicle or in one's hands or on one's body"", 'ex': 'Y'}",[]
surfboard,drag,dragging,drag,"pull, as against a resistance","{'id': 1, 'wid': 'v01453433', 'name': 'drag.v.01', 'count': '16', 'syn': 'drag', 'def': 'pull, as against a resistance', 'ex': 'H'}",[]
surfboard,hold,holding,"hold, take_hold",held by hand; to have or maintain in the grasp; to attach the hand to,"{'id': 2, 'wid': 'v01216670', 'name': 'hold.v.02', 'count': '67', 'syn': 'hold take_hold', 'def': ""have or hold in one's hands or grip"", 'ex': 'H'}",[]
surfboard,inspect,inspecting,inspect,"to look at (something) carefully in order to learn more about it, to find problems, etc.","{'id': 1, 'wid': 'v02165543', 'name': 'inspect.v.01', 'count': '13', 'syn': 'inspect', 'def': 'look over carefully', 'ex': 'P'}",[]
surfboard,jump,jumping,"jump, leap",cause to jump or leap,"{'id': 11, 'wid': 'v01965156', 'name': 'jump.v.11', 'count': '0', 'syn': 'jump leap', 'def': 'cause to jump or leap', 'ex': 't'}",[]
surfboard,lie_on,lying_on,lie,"be lying, be prostrate; be in a horizontal position","{'id': 2, 'wid': 'v01547001', 'name': 'lie.v.02', 'count': '58', 'syn': 'lie', 'def': 'be lying, be prostrate; be in a horizontal position', 'ex': 'T'}",[]
surfboard,load,loading,load,(a person/worker) put (the target object) on a structure or conveyance,"{'id': 4, 'wid': 'v01612084', 'name': 'load.v.04', 'count': '0', 'syn': 'load', 'def': 'put (something) on a structure or conveyance', 'ex': 'l'}",[]
surfboard,ride,riding,ride,be carried or travel on or in a vehicle,"{'id': 2, 'wid': 'v01955984', 'name': 'ride.v.02', 'count': '30', 'syn': 'ride', 'def': 'be carried or travel on or in a vehicle', 'ex': 'I'}",[]
surfboard,stand_on,standing_on,"stand, stand_up",be standing; be upright,"{'id': 1, 'wid': 'v01546111', 'name': 'stand.v.01', 'count': '171', 'syn': 'stand stand_up', 'def': 'be standing; be upright', 'ex': 'W'}",[]
surfboard,sit_on,sitting_on,"sit, sit_down",be seated,"{'id': 1, 'wid': 'v01543123', 'name': 'sit.v.01', 'count': '135', 'syn': 'sit sit_down', 'def': 'be seated', 'ex': []}",[]
surfboard,wash,washing,"wash, rinse",clean with some chemical process,"{'id': 1, 'wid': 'v01270199', 'name': 'wash.v.01', 'count': '14', 'syn': 'wash rinse', 'def': 'clean with some chemical process', 'ex': []}",[]
surfboard,no_interaction,no_interaction,[],[],"{'id': 1, 'wid': 'v01270199', 'name': 'wash.v.01', 'count': '14', 'syn': 'wash rinse', 'def': 'clean with some chemical process', 'ex': []}",[]
teddy_bear,carry,carrying,"transport, carry","move while supporting, either in a vehicle or in one's hands or on one's body","{'id': 1, 'wid': 'v01449974', 'name': 'transport.v.02', 'count': '74', 'syn': 'transport carry', 'def': ""move while supporting, either in a vehicle or in one's hands or on one's body"", 'ex': 'Y'}",[]
teddy_bear,hold,holding,"hold, take_hold",held by hand; to have or maintain in the grasp; to attach the hand to,"{'id': 2, 'wid': 'v01216670', 'name': 'hold.v.02', 'count': '67', 'syn': 'hold take_hold', 'def': ""have or hold in one's hands or grip"", 'ex': 'H'}",[]
teddy_bear,hug,hugging,"embrace, hug, bosom, squeeze","squeeze (someone) tightly in your arms, usually with fondness","{'id': 1, 'wid': 'v01424456', 'name': 'embrace.v.02', 'count': '9', 'syn': 'embrace hug bosom squeeze', 'def': 'squeeze (someone) tightly in your arms, usually with fondness', 'ex': 'H'}",[]
teddy_bear,kiss,kissing,"snog, kiss, buss, osculate","touch with the lips or press the lips (against someone's mouth or other body part) as an expression of love, greeting, etc.","{'id': 1, 'wid': 'v01431230', 'name': 'snog.v.01', 'count': '18', 'syn': 'snog kiss buss osculate', 'def': ""touch with the lips or press the lips (against someone's mouth or other body part) as an expression of love, greeting, etc."", 'ex': 'T'}",[]
teddy_bear,no_interaction,no_interaction,[],[],"{'id': 1, 'wid': 'v01431230', 'name': 'snog.v.01', 'count': '18', 'syn': 'snog kiss buss osculate', 'def': ""touch with the lips or press the lips (against someone's mouth or other body part) as an expression of love, greeting, etc."", 'ex': 'T'}",[]
tennis_racket,carry,carrying,"transport, carry","move while supporting, either in a vehicle or in one's hands or on one's body","{'id': 1, 'wid': 'v01449974', 'name': 'transport.v.02', 'count': '74', 'syn': 'transport carry', 'def': ""move while supporting, either in a vehicle or in one's hands or on one's body"", 'ex': 'Y'}",[]
tennis_racket,hold,holding,"hold, take_hold",held by hand; to have or maintain in the grasp; to attach the hand to,"{'id': 2, 'wid': 'v01216670', 'name': 'hold.v.02', 'count': '67', 'syn': 'hold take_hold', 'def': ""have or hold in one's hands or grip"", 'ex': 'H'}",[]
tennis_racket,inspect,inspecting,inspect,"to look at (something) carefully in order to learn more about it, to find problems, etc.","{'id': 1, 'wid': 'v02165543', 'name': 'inspect.v.01', 'count': '13', 'syn': 'inspect', 'def': 'look over carefully', 'ex': 'P'}",[]
tennis_racket,swing,swinging,swing,"move in a curve or arc, usually with the intent of hitting","{'id': 1, 'wid': 'v02087745', 'name': 'swing.v.01', 'count': '35', 'syn': 'swing', 'def': 'move in a curve or arc, usually with the intent of hitting', 'ex': 'H'}",[]
tennis_racket,no_interaction,no_interaction,[],[],"{'id': 1, 'wid': 'v02087745', 'name': 'swing.v.01', 'count': '35', 'syn': 'swing', 'def': 'move in a curve or arc, usually with the intent of hitting', 'ex': 'H'}",[]
tie,adjust,adjusting,adjust,make correspondent or conformable,"{'id': 4, 'wid': 'v00298067', 'name': 'adjust.v.04', 'count': '2', 'syn': 'adjust', 'def': 'make correspondent or conformable', 'ex': 'A'}",[]
tie,cut,cutting,cut,separate with or as if with an instrument,"{'id': 1, 'wid': 'v01552519', 'name': 'cut.v.01', 'count': '58', 'syn': 'cut', 'def': 'separate with or as if with an instrument', 'ex': 'C'}",[]
tie,hold,holding,"hold, take_hold",held by hand; to have or maintain in the grasp; to attach the hand to,"{'id': 2, 'wid': 'v01216670', 'name': 'hold.v.02', 'count': '67', 'syn': 'hold take_hold', 'def': ""have or hold in one's hands or grip"", 'ex': 'H'}",[]
tie,inspect,inspecting,inspect,"to look at (something) carefully in order to learn more about it, to find problems, etc.","{'id': 1, 'wid': 'v02165543', 'name': 'inspect.v.01', 'count': '13', 'syn': 'inspect', 'def': 'look over carefully', 'ex': 'P'}",['should clearly have a person looking at the tie']
tie,pull,pulling,pull,apply force so as to cause motion towards the source of the motion,"{'id': 4, 'wid': 'v01609287', 'name': 'pull.v.04', 'count': '3', 'syn': 'pull', 'def': 'apply force so as to cause motion towards the source of the motion', 'ex': 'P'}",[]
tie,tie,tying,tie,form a knot or bow in,"{'id': 5, 'wid': 'v00141632', 'name': 'tie.v.05', 'count': '1', 'syn': 'tie', 'def': 'form a knot or bow in', 'ex': 't'}",[]
tie,wear,wearing,"wear, bear",have on one's person,"{'id': 2, 'wid': 'v00047745', 'name': 'wear.v.02', 'count': '23', 'syn': 'wear bear', 'def': ""have on one's person"", 'ex': 'H'}",[]
tie,no_interaction,no_interaction,[],[],"{'id': 2, 'wid': 'v00047745', 'name': 'wear.v.02', 'count': '23', 'syn': 'wear bear', 'def': ""have on one's person"", 'ex': 'H'}",[]
toaster,hold,holding,"hold, take_hold",held by hand; to have or maintain in the grasp; to attach the hand to,"{'id': 2, 'wid': 'v01216670', 'name': 'hold.v.02', 'count': '67', 'syn': 'hold take_hold', 'def': ""have or hold in one's hands or grip"", 'ex': 'H'}",[]
toaster,operate,operating,"operate, control",handle and cause to function,"{'id': 3, 'wid': 'v01224744', 'name': 'operate.v.03', 'count': '21', 'syn': 'operate control', 'def': 'handle and cause to function', 'ex': 'd'}",['the toaster should be functioning']
toaster,repair,repairing,"repair, mend, fix, bushel, doctor, furbish_up, restore, touch_on",restore by replacing a part or putting together what is torn or broken,"{'id': 1, 'wid': 'v00260648', 'name': 'repair.v.01', 'count': '26', 'syn': 'repair mend fix bushel doctor furbish_up restore touch_on', 'def': 'restore by replacing a part or putting together what is torn or broken', 'ex': 'S'}",[]
toaster,no_interaction,no_interaction,[],[],"{'id': 1, 'wid': 'v00260648', 'name': 'repair.v.01', 'count': '26', 'syn': 'repair mend fix bushel doctor furbish_up restore touch_on', 'def': 'restore by replacing a part or putting together what is torn or broken', 'ex': 'S'}",[]
toilet,clean,cleaning,"clean, make_clean","make clean by removing dirt, filth, or unwanted substances from","{'id': 1, 'wid': 'v01532589', 'name': 'clean.v.01', 'count': '16', 'syn': 'clean make_clean', 'def': 'make clean by removing dirt, filth, or unwanted substances from', 'ex': 'C'}",[]
toilet,flush,flushing,"flush, scour, purge","rinse, clean, or empty with a liquid","{'id': 5, 'wid': 'v00455529', 'name': 'flush.v.05', 'count': '0', 'syn': 'flush scour purge', 'def': 'rinse, clean, or empty with a liquid', 'ex': 'f'}",[]
toilet,open,opening,"open, open_up",cause to open or to become open,"{'id': 1, 'wid': 'v01346003', 'name': 'open.v.01', 'count': '68', 'syn': 'open open_up', 'def': 'cause to open or to become open', 'ex': 'M'}",[]
toilet,repair,repairing,"repair, mend, fix, bushel, doctor, furbish_up, restore, touch_on",restore by replacing a part or putting together what is torn or broken,"{'id': 1, 'wid': 'v00260648', 'name': 'repair.v.01', 'count': '26', 'syn': 'repair mend fix bushel doctor furbish_up restore touch_on', 'def': 'restore by replacing a part or putting together what is torn or broken', 'ex': 'S'}",[]
toilet,sit_on,sitting_on,"sit, sit_down",be seated,"{'id': 1, 'wid': 'v01543123', 'name': 'sit.v.01', 'count': '135', 'syn': 'sit sit_down', 'def': 'be seated', 'ex': []}",[]
toilet,stand_on,standing_on,"stand, stand_up",be standing; be upright,"{'id': 1, 'wid': 'v01546111', 'name': 'stand.v.01', 'count': '171', 'syn': 'stand stand_up', 'def': 'be standing; be upright', 'ex': 'W'}",[]
toilet,wash,washing,"wash, rinse",clean with some chemical process,"{'id': 1, 'wid': 'v01270199', 'name': 'wash.v.01', 'count': '14', 'syn': 'wash rinse', 'def': 'clean with some chemical process', 'ex': []}",[]
toilet,no_interaction,no_interaction,[],[],"{'id': 1, 'wid': 'v01270199', 'name': 'wash.v.01', 'count': '14', 'syn': 'wash rinse', 'def': 'clean with some chemical process', 'ex': []}",[]
toothbrush,brush_with,brushing_with,brush,"rub with a brush, or as if with a brush","{'id': 1, 'wid': 'v01243809', 'name': 'brush.v.01', 'count': '11', 'syn': 'brush', 'def': 'rub with a brush, or as if with a brush', 'ex': 'J'}",[]
toothbrush,hold,holding,"hold, take_hold",held by hand; to have or maintain in the grasp; to attach the hand to,"{'id': 2, 'wid': 'v01216670', 'name': 'hold.v.02', 'count': '67', 'syn': 'hold take_hold', 'def': ""have or hold in one's hands or grip"", 'ex': 'H'}",[]
toothbrush,wash,washing,"wash, rinse",clean with some chemical process,"{'id': 1, 'wid': 'v01270199', 'name': 'wash.v.01', 'count': '14', 'syn': 'wash rinse', 'def': 'clean with some chemical process', 'ex': []}",[]
toothbrush,no_interaction,no_interaction,[],[],"{'id': 1, 'wid': 'v01270199', 'name': 'wash.v.01', 'count': '14', 'syn': 'wash rinse', 'def': 'clean with some chemical process', 'ex': []}",[]
traffic_light,install,installing,"install, instal, put_in, set_up",set up for use,"{'id': 1, 'wid': 'v01569566', 'name': 'install.v.01', 'count': '37', 'syn': 'install instal put_in set_up', 'def': 'set up for use', 'ex': 'i'}",[]
traffic_light,repair,repairing,"repair, mend, fix, bushel, doctor, furbish_up, restore, touch_on",restore by replacing a part or putting together what is torn or broken,"{'id': 1, 'wid': 'v00260648', 'name': 'repair.v.01', 'count': '26', 'syn': 'repair mend fix bushel doctor furbish_up restore touch_on', 'def': 'restore by replacing a part or putting together what is torn or broken', 'ex': 'S'}",[]
traffic_light,stand_under,standing_under,"stand, stand_up",be standing; be upright,"{'id': 1, 'wid': 'v01546111', 'name': 'stand.v.01', 'count': '171', 'syn': 'stand stand_up', 'def': 'be standing; be upright', 'ex': 'W'}",['the person should be standing right under the traffic light']
traffic_light,stop_at,stopping_at,"stop, halt","come to a halt, stop moving","{'id': 1, 'wid': 'v01860795', 'name': 'stop.v.01', 'count': '64', 'syn': 'stop halt', 'def': 'come to a halt, stop moving', 'ex': 't'}",['the person (car) should stop at the red light']
traffic_light,no_interaction,no_interaction,[],[],"{'id': 1, 'wid': 'v01860795', 'name': 'stop.v.01', 'count': '64', 'syn': 'stop halt', 'def': 'come to a halt, stop moving', 'ex': 't'}",[]
truck,direct,directing,"lead, take, direct, conduct, guide",to show or point out the way for; directing the traffic of,"{'id': 5, 'wid': 'v01999798', 'name': 'lead.v.01', 'count': '131', 'syn': 'lead take direct conduct guide', 'def': 'take somebody somewhere', 'ex': 'W'}",[]
truck,drive,driving,drive,operate or control a vehicle,"{'id': 1, 'wid': 'v01930874', 'name': 'drive.v.01', 'count': '56', 'syn': 'drive', 'def': 'operate or control a vehicle', 'ex': 'd'}",[]
truck,inspect,inspecting,inspect,"to look at (something) carefully in order to learn more about it, to find problems, etc.","{'id': 1, 'wid': 'v02165543', 'name': 'inspect.v.01', 'count': '13', 'syn': 'inspect', 'def': 'look over carefully', 'ex': 'P'}",['should clearly see a person checking the part(s) of the truck']
truck,load,loading,"load, lade, laden, load_up",(a person/worker) put things in/on (the target object),"{'id': 1, 'wid': 'v01489989', 'name': 'load.v.01', 'count': '9', 'syn': 'load lade laden load_up', 'def': 'fill or place a load on', 'ex': 'l'}",[]
truck,repair,repairing,"repair, mend, fix, bushel, doctor, furbish_up, restore, touch_on",restore by replacing a part or putting together what is torn or broken,"{'id': 1, 'wid': 'v00260648', 'name': 'repair.v.01', 'count': '26', 'syn': 'repair mend fix bushel doctor furbish_up restore touch_on', 'def': 'restore by replacing a part or putting together what is torn or broken', 'ex': 'S'}",[]
truck,ride,riding,ride,be carried or travel on or in a vehicle,"{'id': 2, 'wid': 'v01955984', 'name': 'ride.v.02', 'count': '30', 'syn': 'ride', 'def': 'be carried or travel on or in a vehicle', 'ex': 'I'}",[]
truck,sit_on,sitting_on,"sit, sit_down",be seated,"{'id': 1, 'wid': 'v01543123', 'name': 'sit.v.01', 'count': '135', 'syn': 'sit sit_down', 'def': 'be seated', 'ex': []}",[]
truck,wash,washing,"wash, rinse",clean with some chemical process,"{'id': 1, 'wid': 'v01270199', 'name': 'wash.v.01', 'count': '14', 'syn': 'wash rinse', 'def': 'clean with some chemical process', 'ex': []}",[]
truck,no_interaction,no_interaction,[],[],"{'id': 1, 'wid': 'v01270199', 'name': 'wash.v.01', 'count': '14', 'syn': 'wash rinse', 'def': 'clean with some chemical process', 'ex': []}",[]
umbrella,carry,carrying,"transport, carry","move while supporting, either in a vehicle or in one's hands or on one's body","{'id': 1, 'wid': 'v01449974', 'name': 'transport.v.02', 'count': '74', 'syn': 'transport carry', 'def': ""move while supporting, either in a vehicle or in one's hands or on one's body"", 'ex': 'Y'}",[]
umbrella,hold,holding,"hold, take_hold",held by hand; to have or maintain in the grasp; to attach the hand to,"{'id': 2, 'wid': 'v01216670', 'name': 'hold.v.02', 'count': '67', 'syn': 'hold take_hold', 'def': ""have or hold in one's hands or grip"", 'ex': 'H'}",[]
umbrella,lose,losing,lose,"fail to keep or to maintain; cease to have, either physically or in an abstract sense","{'id': 1, 'wid': 'v02287789', 'name': 'lose.v.01', 'count': '123', 'syn': 'lose', 'def': 'fail to keep or to maintain; cease to have, either physically or in an abstract sense', 'ex': 'S'}",[]
umbrella,open,opening,"open, open_up",cause to open or to become open,"{'id': 1, 'wid': 'v01346003', 'name': 'open.v.01', 'count': '68', 'syn': 'open open_up', 'def': 'cause to open or to become open', 'ex': 'M'}",[]
umbrella,repair,repairing,"repair, mend, fix, bushel, doctor, furbish_up, restore, touch_on",restore by replacing a part or putting together what is torn or broken,"{'id': 1, 'wid': 'v00260648', 'name': 'repair.v.01', 'count': '26', 'syn': 'repair mend fix bushel doctor furbish_up restore touch_on', 'def': 'restore by replacing a part or putting together what is torn or broken', 'ex': 'S'}",[]
umbrella,set,setting,"set_up, lay_out, set",get ready for a particular purpose or event,"{'id': 22, 'wid': 'v00407848', 'name': 'set_up.v.04', 'count': '7', 'syn': 'set_up lay_out set', 'def': 'get ready for a particular purpose or event', 'ex': 's'}",['setting up large umbrellas to have people lying/sitting under it']
umbrella,stand_under,standing_under,"stand, stand_up",be standing; be upright,"{'id': 1, 'wid': 'v01546111', 'name': 'stand.v.01', 'count': '171', 'syn': 'stand stand_up', 'def': 'be standing; be upright', 'ex': 'W'}",[]
umbrella,no_interaction,no_interaction,[],[],"{'id': 1, 'wid': 'v01546111', 'name': 'stand.v.01', 'count': '171', 'syn': 'stand stand_up', 'def': 'be standing; be upright', 'ex': 'W'}",[]
vase,hold,holding,"hold, take_hold",held by hand; to have or maintain in the grasp; to attach the hand to,"{'id': 2, 'wid': 'v01216670', 'name': 'hold.v.02', 'count': '67', 'syn': 'hold take_hold', 'def': ""have or hold in one's hands or grip"", 'ex': 'H'}",[]
vase,make,making,"produce, make, create",create or manufacture a man-made product,"{'id': 6, 'wid': 'v01621555', 'name': 'produce.v.02', 'count': '90', 'syn': 'produce make create', 'def': 'create or manufacture a man-made product', 'ex': 'W'}",[]
vase,paint,painting,paint,apply paint to; coat with paint,"{'id': 2, 'wid': 'v01362736', 'name': 'paint.v.02', 'count': '13', 'syn': 'paint', 'def': 'apply paint to; coat with paint', 'ex': 'W'}",[]
vase,no_interaction,no_interaction,[],[],"{'id': 2, 'wid': 'v01362736', 'name': 'paint.v.02', 'count': '13', 'syn': 'paint', 'def': 'apply paint to; coat with paint', 'ex': 'W'}",[]
wine_glass,fill,filling,"fill, fill_up, make_full","make full, also in a metaphorical sense","{'id': 1, 'wid': 'v00452512', 'name': 'fill.v.01', 'count': '63', 'syn': 'fill fill_up make_full', 'def': 'make full, also in a metaphorical sense', 'ex': 'f'}",[]
wine_glass,hold,holding,"hold, take_hold",held by hand; to have or maintain in the grasp; to attach the hand to,"{'id': 2, 'wid': 'v01216670', 'name': 'hold.v.02', 'count': '67', 'syn': 'hold take_hold', 'def': ""have or hold in one's hands or grip"", 'ex': 'H'}",[]
wine_glass,sip,sipping,sip,drink in sips,"{'id': 1, 'wid': 'v01170687', 'name': 'sip.v.01', 'count': '7', 'syn': 'sip', 'def': 'drink in sips', 'ex': 'S'}",[]
wine_glass,toast,toasting,"toast, drink, pledge, salute, wassail",propose a toast to,"{'id': 2, 'wid': 'v01175467', 'name': 'toast.v.02', 'count': '3', 'syn': 'toast drink pledge salute wassail', 'def': 'propose a toast to', 'ex': 'L'}",[]
wine_glass,lick,licking,"lick, lap",pass the tongue over,"{'id': 2, 'wid': 'v01432176', 'name': 'lick.v.02', 'count': '8', 'syn': 'lick lap', 'def': 'pass the tongue over', 'ex': 't'}",[]
wine_glass,wash,washing,"wash, rinse",clean with some chemical process,"{'id': 1, 'wid': 'v01270199', 'name': 'wash.v.01', 'count': '14', 'syn': 'wash rinse', 'def': 'clean with some chemical process', 'ex': []}",[]
wine_glass,no_interaction,no_interaction,[],[],"{'id': 1, 'wid': 'v01270199', 'name': 'wash.v.01', 'count': '14', 'syn': 'wash rinse', 'def': 'clean with some chemical process', 'ex': []}",[]
zebra,feed,feeding,"feed, give",give food to,"{'id': 2, 'wid': 'v01178565', 'name': 'feed.v.02', 'count': '19', 'syn': 'feed give', 'def': 'give food to', 'ex': 'F'}",[]
zebra,hold,holding,"hold, take_hold",held by hand; to have or maintain in the grasp; to attach the hand to,"{'id': 2, 'wid': 'v01216670', 'name': 'hold.v.02', 'count': '67', 'syn': 'hold take_hold', 'def': ""have or hold in one's hands or grip"", 'ex': 'H'}",[]
zebra,pet,petting,pet,stroke or caress gently,"{'id': 1, 'wid': 'v01425892', 'name': 'pet.v.01', 'count': '1', 'syn': 'pet', 'def': 'stroke or caress gently', 'ex': 'p'}",[]
zebra,watch,watching,watch,watch with appreciation; to look at for an amount of time,"{'id': 1, 'wid': 'v02150510', 'name': 'watch.v.01', 'count': '77', 'syn': 'watch', 'def': 'look attentively', 'ex': 'w'}",[]
zebra,no_interaction,no_interaction,[],[],"{'id': 1, 'wid': 'v02150510', 'name': 'watch.v.01', 'count': '77', 'syn': 'watch', 'def': 'look attentively', 'ex': 'w'}",[]
